Accession.ENA.Number,Hospital.of.Isolation,Country.of.Isolation,Collection.Year,MLST,Total.Length,No.Contigs,Largest.Contig,N50,esbl,esbl_ctxm,amx; amoxicillin,,gen; gentamicin,AGly,Col,Fcyn,cip; ciprofloxacin,Flq,flq_summary,flq_summary2,Flq_gene,Flq_QRDR,Gly,MLS,Ntmdz,Phe,Rif,Sul,min; minocycline,tet; tetracycline,Tet,tgc; tigecycline,Tgc,Tmt,Omp,ipm; imipenem,Bla_Carb,ctx; cefotaxime,caz; ceftazidime,cxm; cefuroxime,Bla_ESBL,Bla_ESBL_inhR,tzp; piperacillin-tazobactam,Bla,fox; cefoxitin,amc; amoxicillin-clavulanate,Bla_broad,Bla_broad_inhR
ERR486508,Hospital 6,UK,2006,ST26,5576589,93,666744,203505,non-ESBL,non-CTX-M,512,SAMEA2273875,0.25,-,-,-,4,Qnr-S1,1 qnr,1 qnr,other,-,-,-,-,-,-,-,8,8,-,2,-,-,-,0.12,-,0.25,0.5,16,-,-,8,SHV-36;TEM-1D^,16,8,-,-
ERR486774,Hospital 9,UK,2006,ST158,5531636,58,860585,307128,ESBL,CTX-M,512,SAMEA2273688,64,Aac6Ib-cr^;StrA^;StrB,-,-,4,QnrB32*,1 qnr,1 qnr,other,-,-,-,-,CatA1*;CatA2*;CatB4?,-,SulII,16,256,TetD,0.5,-,DfrA14,-,1,-,512,32,256,CTX-M-15,-,16,OXA-1;SHV-28^;TEM-1D^,4,16,-,-
ERR486365,Hospital 21,UK,2004,ST26,5621991,125,386353,158756,ESBL,non-CTX-M,512,SAMEA2273619,0.25,-,-,-,8,Qnr-A1,1 qnr,1 qnr,Qnr-A1,-,-,EreA2,-,CmlA5*?,-,SulI,4,4,-,1,-,DfrA5,-,0.059999999,-,4,128,32,-,-,16,SHV-187*?,16,8,-,-
ERR486299,Hospital 21,UK,2002,ST284,5812637,84,1020004,221613,ESBL,non-CTX-M,512,SAMEA2273546,16,Aac6-Ib*;AadA1-pm*?;StrA;StrB,-,-,4,Qnr-A1,1 qnr,1 qnr,Qnr-A1,-,-,EreA2,-,CmlA5*?,-,SulI,4,2,-,1,-,DfrA21;DfrA5,-,0.5,-,NA,128,32,SHV-12,-,4,LEN-24*;OXA-9;TEM-1D^,2,8,-,-
ERR486465,Hospital 14,UK,2007,ST34,5676141,127,777084,329160,ESBL,non-CTX-M,512,SAMEA2273857,8,Aac6-Ib*?;AadA1-pm*?,-,-,1,Qnr-A1,1 qnr,1 qnr,Qnr-A1,-,-,EreA2,-,CmlA5*?,-,SulI,4,2,-,1,-,DfrA5,-,0.5,-,16,256,32,SHV-12,-,8,OXA-9;TEM-1D^,8,8,-,-
ERR486764,Hospital 14,UK,2004,ST1562,5852449,103,549766,204644,ESBL,non-CTX-M,512,SAMEA2273633,8,Aac6-Ib*;AadA1-pm*?;StrB,-,-,1,Qnr-A1,1 qnr,1 qnr,Qnr-A1,-,-,EreA2,-,CmlA5*?,-,SulI,4,128,TetA*,1,-,DfrA5,-,0.25,-,64,256,256,SHV-12,-,4,LEN-10^;OXA-9;TEM-1D^,16,16,-,-
ERR486369,Hospital 14,UK,2004,ST1683,6131238,70,914091,349392,ESBL,non-CTX-M,512,SAMEA2273624,8,Aac6-Ib*;AadA1-pm*?,-,-,2,Qnr-A1,1 qnr,1 qnr,Qnr-A1,-,-,EreA2,-,CmlA5*?,-,SulI,4,4,-,1,-,DfrA5,-,0.25,-,8,256,32,SHV-12,-,4,LEN-16^;OXA-9;TEM-1D^,8,16,-,-
ERR486332,Hospital 21,UK,2003,ST384,5325219,50,947213,498050,ESBL,non-CTX-M,512,SAMEA2273581,16,-,-,-,1,Qnr-A1,1 qnr,1 qnr,Qnr-A1,-,-,-,-,CmlA5*?,-,SulI,2,2,-,1,-,-,-,0.25,-,64,512,128,SHV-12,-,16,-,8,16,OKP-B-3*,-
ERR486374,Hospital 20,UK,2004,ST1872,5472605,40,1664815,338155,ESBL,non-CTX-M,512,SAMEA2273631,0.5,-,-,-,1,Qnr-A1,1 qnr,1 qnr,Qnr-A1,-,-,EreA2,-,CmlA5*?,-,SulI,2,2,-,0.5,-,DfrA5,-,0.25,-,64,512,128,SHV-12,-,16,LEN-24*,16,16,-,-
ERR486402,Hospital 26,UK,2009,ST831,5542071,82,950549,374591,ESBL,non-CTX-M,512,SAMEA2273794,8,Aac6-Ib*;AadA1-pm*?,-,-,4,Qnr-A1,1 qnr,1 qnr,Qnr-A1,-,-,EreA2,-,CmlA5*?,-,SulI,8,4,-,2,-,DfrA5,-,0.25,-,16,512,32,SHV-12^,-,8,OXA-9;TEM-1D^,8,8,-,-
ERR486785,Hospital 14,UK,2007,ST27,5642965,137,280477,107640,ESBL,non-CTX-M,512,SAMEA2273729,16,Aac6-Ib*;AadA1-pm*?,-,-,4,Qnr-A1,1 qnr,1 qnr,Qnr-A1,-,-,EreA2?,-,CmlA5*?,-,SulI,4,8,-,1,-,DfrA5,OmpK36-21%,1,-,64,512,256,-,-,512,OXA-9;SHV-187*?;TEM-1D^,128,32,-,-
ERR474486,Hospital 9,UK,2005,ST250,5979035,99,441618,224547,ESBL,non-CTX-M,512,SAMEA2273663,8,AadA2;AadB,-,-,4,Qnr-A1^,1 qnr,1 qnr,Qnr-A1,-,-,-,-,-,-,SulI,8,128,TetA*?,1,-,-,OmpK35-88%,0.12,-,32,256,256,CTX-M-9;SHV-12*,-,8,LEN-16^,8,8,-,-
ERR486457,Hospital 31,UK,2011,ST405,5640496,54,688156,375905,ESBL,CTX-M,512,SAMEA2273849,64,Aac3-IIa^;StrA^;StrB,-,-,2,QnrB1?,1 qnr,1 qnr,QnrB1,-,-,-,-,CatB4?,-,SulII,4,256,TetA,0.5,-,DfrA14,-,0.25,-,512,16,256,CTX-M-15,-,4,OXA-1;TEM-1D^,2,16,SHV-76^,-
ERR486429,Hospital 9,UK,2010,ST215,5329194,52,566093,267931,ESBL,CTX-M,512,SAMEA2273821,64,Aac3-IIa^;StrA^;StrB,-,-,2,QnrB1?,1 qnr,1 qnr,QnrB1,-,-,-,-,CatB4?,-,SulII,4,256,TetA,1,-,DfrA14,-,0.12,-,256,16,256,CTX-M-15,-,8,OXA-1;TEM-1D^,4,16,-,SHV-26*
ERR474508,Hospital 14,UK,2006,ST336,5439323,46,1148183,350797,ESBL,CTX-M,512,SAMEA2273690,0.5,Aph3-Ia^;StrA^;StrB,-,-,4,QnrB1?,1 qnr,1 qnr,QnrB1,-,-,-,-,CatB4?,-,SulII*,4,2,-,0.5,-,DfrA14,-,0.12,-,128,16,256,CTX-M-15,-,2,OXA-1;TEM-1D^,4,16,SHV-11^,-
ERR486392,Hospital 2,UK,2009,ST70,5545770,43,1543678,454227,ESBL,CTX-M,512,SAMEA2273781,32,Aac3-IIa^;StrA^;StrB,-,-,4,QnrB1?,1 qnr,1 qnr,QnrB1,-,-,-,-,CatB4?,-,SulII,8,256,TetA,1,-,DfrA14,-,0.12,-,256,16,256,CTX-M-15,-,8,OXA-1;TEM-1D^,4,16,SHV-32,-
ERR486405,Hospital 27,UK,2009,ST336,5476163,27,1949943,928677,ESBL,CTX-M,512,SAMEA2273797,0.5,-,-,-,4,QnrB1?,1 qnr,1 qnr,QnrB1,-,-,-,-,CatB4?,-,-,4,2,-,0.5,-,DfrA14,-,0.25,-,512,32,256,CTX-M-15,-,16,OXA-1;TEM-1D^,4,16,SHV-11^,-
ERR486411,Hospital 2,UK,2010,ST70,5658527,76,1401753,362779,ESBL,CTX-M,512,SAMEA2273803,64,Aac3-IIa^;StrA^;StrB,-,-,4,QnrB1?,1 qnr,1 qnr,QnrB1,-,-,-,-,CatB4?,-,SulII,8,256,TetA,2,-,DfrA14,-,0.25,-,512,32,256,CTX-M-15,-,16,OXA-1;TEM-1D^,8,16,SHV-32,-
ERR486431,Hospital 27,UK,2010,ST336,5491441,32,1556917,1323469,ESBL,CTX-M,512,SAMEA2273823,0.5,-,-,-,4,QnrB1?,1 qnr,1 qnr,QnrB1,-,-,-,-,CatB4?,-,-,2,2,-,0.5,-,DfrA14,-,0.5,-,512,32,256,CTX-M-15,-,16,OXA-1;TEM-1D^,8,16,SHV-11^,-
ERR486775,Hospital 15,UK,2006,ST336,5603078,43,1542873,353337,ESBL,CTX-M,512,SAMEA2273692,1,Aph3-Ia^;StrA^;StrB,-,-,4,QnrB1?,1 qnr,1 qnr,QnrB1,-,-,-,-,CatB4?,-,SulII*,2,2,-,0.5,-,DfrA14,-,0.25,-,256,32,256,CTX-M-15,-,512,OXA-1,4,32,SHV-11^;TEM-2^,-
ERR486399,Hospital 3,UK,2008,ST336,5564375,45,1517457,350904,ESBL,CTX-M,512,SAMEA2273791,0.5,Aph3-Ia^;StrA^;StrB,-,-,8,QnrB1?,1 qnr,1 qnr,QnrB1,-,-,-,-,CatB4?,-,SulII*,4,4,-,1,-,DfrA14,-,0.5,-,512,32,256,CTX-M-15,-,16,OXA-1;TEM-1D^,4,32,SHV-11^,-
ERR486789,Hospital 17,UK,2007,ST560,5423629,43,1423544,486819,ESBL,CTX-M,512,SAMEA2273734,64,Aac3-IIa^;StrA^;StrB,-,-,4,QnrB1?,1 qnr,1 qnr,QnrB1,-,-,-,-,CatB4?,-,SulII,4,256,TetA,2,-,DfrA14,-,1,-,512,64,256,CTX-M-15,-,16,OXA-1;TEM-1D^,4,16,-,SHV-26
ERR474553,Hospital 9,UK,2008,ST2004,5500724,68,705367,289592,ESBL,CTX-M,512,SAMEA2273757,128,Aac3-IIa^;StrA^;StrB,-,-,64,QnrB1?,1 qnr,1 qnr,QnrB1,-,-,-,-,CatB4?,-,SulII,64,256,TetA,4,-,DfrA14,-,0.5,-,256,256,256,CTX-M-15,-,128,OXA-1;SHV-168^;TEM-1D^,16,64,-,-
ERR486403,Hospital 14,UK,2009,ST336,5505909,47,1534452,509232,ESBL,CTX-M,512,SAMEA2273795,8,Aac6-Ib*;AadA1-pm*?;Aph3-Ia^;StrB,-,-,4,QnrB1?,1 qnr,1 qnr,QnrB1,-,-,EreA2,-,CatB4?,-,SulI;SulII,2,1,-,0.5,-,DfrA14*;DfrA5,-,0.5,-,512,128,256,CTX-M-15;SHV-12,-,16,OXA-1;OXA-9,4,16,-,TEM-54*?
ERR486422,Hospital 29,UK,2010,ST323,5407517,43,620597,341861,ESBL,non-CTX-M,512,SAMEA2273814,512,Aac3-IIa^,-,-,4,QnrB1?,1 qnr,1 qnr,QnrB1,-,-,-,-,CatB4?,-,-,4,256,TetA,1,-,DfrA14,OmpK35-90%,0.5,-,2,0.5,32,-,-,512,OXA-1;SHV-187*,8,64,-,-
ERR486408,Hospital 13,UK,2010,ST54,5787727,90,456350,216344,non-ESBL,non-CTX-M,512,SAMEA2273800,256,Aac6-IIc;StrA;StrB,-,-,2,QnrB2,1 qnr,1 qnr,QnrB2,-,-,EreA2?,-,CatA2*,-,SulI;SulII,64,256,TetD,2,-,DfrA19*,-,8,VIM-2*,64,256,256,SHV-12,-,128,OXA-2*;TEM-1D^,128,128,-,-
ERR486772,Hospital 3,UK,2006,ST834,5773063,100,1014876,312385,ESBL,non-CTX-M,512,SAMEA2273679,256,Aac3-IIa^;Aac6-IIc;AadA2;StrA;StrB,-,-,4,QnrB2,1 qnr,1 qnr,QnrB2,-,-,EreA2?,-,CatA2*;CatB4?,-,SulI;SulII,8,256,TetA,2,-,DfrA19*,-,0.5,-,16,256,64,SHV-12,-,32,OXA-1;TEM-1D^,8,16,-,-
ERR486409,Hospital 13,UK,2010,ST54,5872715,116,491396,209695,ESBL,non-CTX-M,512,SAMEA2273801,256,Aac6-IIc;Aac6-Ib;AadA1-pm*?;Aph3''Ia*?;StrA;StrB,-,-,1,QnrB2,1 qnr,1 qnr,QnrB2,-,-,EreA2?,-,CatA2*,-,SulI;SulII,32,256,TetD,0.5,-,DfrA19*,-,0.25,-,32,512,64,SHV-12,-,32,OXA-9*,32,8,-,TEM-30*?
ERR486781,Hospital 25,Republic of Ireland,2007,ST29,5511364,70,1386381,432829,ESBL,non-CTX-M,512,SAMEA2273716,128,Aac3-IId^;Aac6-Ib*;AadA1-pm*?;Aph3-Ia^;StrA^;StrB,-,-,1,QnrB2,1 qnr,1 qnr,QnrB2,-,-,-,-,-,-,SulI;SulII*,32,256,TetD,1,-,DfrA7,OmpK35-17%,1,-,16,512,64,-,-,512,OXA-9;TEM-1D^,4,16,SHV-1*?,-
ERR486459,Hospital 32,Republic of Ireland,2011,ST221,5424726,43,614158,518943,non-ESBL,non-CTX-M,512,SAMEA2273851,64,Aac3-IId^;AadA16*;StrA^;StrB,-,-,8,QnrB2*,1 qnr,1 qnr,QnrB2,-,-,MphA,-,CatA2*,Arr3,SulI;SulII*,2,4,-,0.5,-,DfrA27,OmpK35-59%,4,OXA-48,0.5,1,8,-,-,512,TEM-1D^,4,128,SHV-11^,-
ERR474516,Hospital 12,UK,2007,ST925,5761975,62,644640,263894,non-ESBL,non-CTX-M,64,SAMEA2273702,0.25,-,-,-,4,GyrA-83F,1 QRDR,1 QRDR,-,1,-,-,-,-,-,-,32,16,-,2,-,-,-,0.059999999,-,0.25,0.5,32,-,-,16,LEN-2^,32,4,-,-
ERR486381,Hospital 4,UK,2009,ST334,5310686,55,874927,243438,non-ESBL,non-CTX-M,64,SAMEA2273767,0.25,-,-,-,8,GyrA-83F,1 QRDR,1 QRDR,-,1,-,-,-,-,-,-,64,32,-,8,-,-,-,0.12,-,0.25,0.5,32,-,-,8,-,64,4,OKP-B-17?,-
ERR486298,Hospital 18,UK,2002,ST208,5323025,19,2064962,994881,non-ESBL,non-CTX-M,512,SAMEA2273545,1,-,-,-,16,GyrA-83F,1 QRDR,1 QRDR,-,1,-,-,-,-,-,-,16,8,-,4,-,-,-,0.5,-,NA,0.5,16,-,-,8,LEN-16^,16,8,-,-
ERR486376,Hospital 10,UK,2004,ST359,5087667,69,439361,218848,non-ESBL,non-CTX-M,512,SAMEA2273634,0.5,-,-,-,2,GyrA-83F,1 QRDR,1 QRDR,-,1,-,-,-,-,-,-,4,4,-,0.5,-,-,-,0.5,-,0.25,1,16,-,-,16,SHV-187*,8,4,-,-
ERR486468,Hospital 12,UK,2008,ST211,5265036,42,711316,453038,non-ESBL,non-CTX-M,512,SAMEA2273861,0.25,-,-,-,4,GyrA-83F,1 QRDR,1 QRDR,-,1,-,-,-,-,-,-,32,32,-,4,-,-,-,0.12,-,1,1,256,-,-,16,-,64,32,SHV-11^,-
ERR486358,Hospital 5,UK,2003,ST1380,5386434,103,466079,156097,non-ESBL,non-CTX-M,128,SAMEA2273611,0.5,-,-,-,8,GyrA-83F,1 QRDR,1 QRDR,-,1,-,-,-,-,-,-,16,8,-,2,-,-,-,0.12,-,0.25,1,32,-,-,32,-,16,4,-,SHV-26
ERR474551,Hospital 5,UK,2008,ST785,5586532,42,581464,409266,non-ESBL,non-CTX-M,512,SAMEA2273753,0.25,-,-,-,16,GyrA-83F,1 QRDR,1 QRDR,-,1,-,-,-,-,-,-,64,256,TetD,2,-,-,-,0.5,-,0.25,1,16,-,-,64,-,32,8,SHV-44,-
ERR486312,Hospital 22,UK,2002,ST1484,5091105,16,2419772,773801,non-ESBL,non-CTX-M,128,SAMEA2273559,0.5,-,-,-,16,GyrA-83F,1 QRDR,1 QRDR,-,1,-,-,-,-,-,-,64,16,-,8,-,-,-,0.12,-,NA,1,32,-,-,32,-,64,8,OKP-B-9*,-
ERR486513,Hospital 13,UK,2002,ST240,5661389,132,341378,178318,non-ESBL,non-CTX-M,512,SAMEA2273880,1,-,-,-,4,GyrA-83F,1 QRDR,1 QRDR,-,1,-,-,-,-,-,-,4,4,-,1,-,-,-,0.5,-,NA,64,64,-,-,64,FOX-8*;SHV-36,32,32,-,-
ERR486289,Hospital 1,Republic of Ireland,2002,ST29,5445387,40,1198876,414616,ESBL,CTX-M,512,SAMEA2273533,64,Aac3-IId^,-,-,1,GyrA-83F,1 QRDR,1 QRDR,-,1,-,EreA2,-,CatA1^,-,SulI,4,2,-,1,-,DfrA5,-,0.5,-,NA,2,256,CTX-M-3,-,4,SHV-187;TEM-1D^,4,16,-,-
ERR486412,Hospital 3,UK,2010,ST70,5641293,67,776664,438059,ESBL,non-CTX-M,512,SAMEA2273804,1,Aac3-I*;AadA1^,-,-,0.5,GyrA-83F,1 QRDR,1 QRDR,-,1,-,-,-,-,-,SulI,8,256,TetA,2,-,DfrA1*,-,0.12,-,8,64,32,SHV-5,-,16,-,4,8,-,-
ERR486310,Hospital 8,UK,2002,ST162,5509530,48,635375,364543,non-ESBL,non-CTX-M,512,SAMEA2273557,1,Aac3-IIa*;AadA2^;Aph3-Ia^,-,-,1,GyrA-83Y,1 QRDR,1 QRDR,-,1,-,MphA,-,-,-,SulI,8,256,TetA,2,-,DfrA12*,-,0.5,-,NA,0.25,4,-,-,64,SCO-1;TEM-1D^,8,32,-,SHV-26*
ERR486423,Hospital 25,Republic of Ireland,2010,ST353,5471091,45,584530,360770,non-ESBL,non-CTX-M,256,SAMEA2273815,0.25,-,-,-,8,GyrA-83Y,1 QRDR,1 QRDR,-,1,-,-,-,-,-,-,16,8,-,2,-,-,-,0.059999999,-,0.12,0.25,32,-,-,8,-,32,4,SHV-11^,-
ERR486766,Hospital 1,Republic of Ireland,2005,ST14,5560119,51,870173,310755,non-ESBL,non-CTX-M,512,SAMEA2273640,0.5,-,-,-,1,GyrA-83Y,1 QRDR,1 QRDR,-,1,-,-,-,CatA1^,-,-,4,2,-,0.5,-,-,-,0.12,-,0.12,0.5,32,-,-,32,-,16,32,-,-
ERR474475,Hospital 5,UK,2005,ST252,5361422,84,466959,168277,non-ESBL,non-CTX-M,512,SAMEA2273649,0.25,-,-,-,2,GyrA-83Y,1 QRDR,1 QRDR,-,1,-,-,-,-,-,-,16,8,-,2,-,-,-,0.12,-,0.25,0.5,16,-,-,16,-,32,8,SHV-1?,-
ERR486336,Hospital 20,UK,2003,ST490,5272391,18,1561909,467821,non-ESBL,non-CTX-M,128,SAMEA2273585,0.25,-,-,-,16,GyrA-83Y,1 QRDR,1 QRDR,-,1,-,-,-,-,-,-,32,16,-,2,-,-,-,0.059999999,-,0.5,0.5,8,-,-,16,SHV-187*,32,4,-,-
ERR486787,Hospital 15,UK,2007,ST15,5425166,39,667817,443674,non-ESBL,non-CTX-M,512,SAMEA2273731,0.25,AadA1^,-,-,2,GyrA-83Y,1 QRDR,1 QRDR,-,1,-,-,-,-,-,SulI*?,4,256,TetA,1,-,DfrA1*,-,0.12,-,0.059999999,1,32,-,-,16,SHV-28^;TEM-1D,8,16,-,-
ERR486350,Hospital 1,Republic of Ireland,2004,ST14,5607684,47,869645,419544,non-ESBL,non-CTX-M,512,SAMEA2273603,0.5,-,-,-,1,GyrA-83Y,1 QRDR,1 QRDR,-,1,-,-,-,CatA1^,-,-,2,2,-,0.5,-,-,-,0.12,-,0.12,2,32,-,-,16,SHV-187*,32,16,-,-
ERR486768,Hospital 6,UK,2005,ST317,5564124,85,621655,192389,non-ESBL,non-CTX-M,512,SAMEA2273652,256,Aac3-IIa,-,-,1,GyrA-83Y,1 QRDR,1 QRDR,-,1,-,-,-,-,-,-,2,2,-,0.5,-,-,-,0.25,-,16,128,64,-,-,256,ACC-1;SHV-187*;TEM-1D^,8,32,-,-
ERR486274,Hospital 11,UK,2001,ST14,5586213,89,708147,326415,ESBL,NA,512,SAMEA2273516,128,Aac3-IId^;StrA^;StrB,-,-,2,GyrA-83Y,1 QRDR,1 QRDR,-,1,-,-,-,-,-,SulII,NA,NA,TetD,NA,-,DfrA30*,-,0.25,-,NA,128,16,-,-,512,TEM-1D^,2,32,-,-
ERR486426,Hospital 18,UK,2010,ST48,5431358,37,633965,446308,ESBL,CTX-M,512,SAMEA2273818,16,Aac3-IIa^;AadA2^;StrA*?;StrB,-,-,2,GyrA-83Y,1 QRDR,1 QRDR,-,1,-,MphA,-,CatA1^;CatB4?,-,SulI;SulII*,1,2,-,0.5,-,DfrA12,-,0.25,-,256,16,256,CTX-M-15,-,8,OXA-1,4,8,SHV-1?,-
ERR486512,Hospital 9,UK,2009,ST48,5365950,31,902430,501117,ESBL,CTX-M,512,SAMEA2273879,16,Aac3-IIa^;AadA2^;StrA^;StrB,-,-,4,GyrA-83Y,1 QRDR,1 QRDR,-,1,-,-,-,CatA1^;CatB4?,-,SulI;SulII*,8,256,TetA,1,-,DfrA12,-,0.25,-,512,16,256,CTX-M-15,-,512,OXA-1,8,64,SHV-1?,-
ERR486460,Hospital 33,UK,2011,ST1236,5392762,48,490659,276772,ESBL,CTX-M,512,SAMEA2273852,32,Aac3-IIa^;StrA^;StrB,-,-,2,GyrA-83Y,1 QRDR,1 QRDR,-,1,-,MphA,-,CatA1^,-,SulI;SulII*,2,2,-,0.5,-,DfrA12,-,0.5,-,256,64,256,CTX-M-15,-,16,OXA-1,4,16,SHV-1?,-
ERR486285,Hospital 17,UK,2001,ST14,5578830,97,577081,303386,ESBL,NA,512,SAMEA2273528,1,StrA^;StrB,-,-,1,GyrA-83Y,1 QRDR,1 QRDR,-,1,-,-,-,-,-,SulII,NA,NA,-,NA,-,DfrA30*,-,0.25,-,NA,256,64,SHV-12*?,-,16,-,4,8,-,-
ERR486353,Hospital 13,UK,2003,ST27,5572959,143,288740,99476,non-ESBL,non-CTX-M,512,SAMEA2273606,128,Aac3-IIa;AadA1-pm*?;Aph3''Ia;Sat-2A;StrA?;StrB,MgrB-51%,-,1,GyrA-83Y,1 QRDR,1 QRDR,-,1,-,-,-,CatA1^,-,SulI?,4,4,-,1,-,DfrA1,-,0.12,-,0.12,1,8,SHV-40,-,512,TEM-1D*,8,32,-,-
ERR486281,Hospital 14,UK,2001,ST37,5519319,44,737568,334713,non-ESBL,NA,512,SAMEA2273523,32,Aac3-IId^,-,-,0.5,GyrA-83Y,1 QRDR,1 QRDR,-,1,-,-,-,-,-,SulI,NA,NA,TetD,NA,-,DfrA5,OmpK35-10%,2,-,NA,512,256,CTX-M-15;SHV-12?,-,512,TEM-1D^,128,32,-,-
ERR486291,Hospital 2,UK,2002,ST776,5624432,79,543237,265750,ESBL,non-CTX-M,512,SAMEA2273536,0.5,-,-,-,4,GyrA-87N,1 QRDR,1 QRDR,-,1,-,EreA2,-,CatA1^,-,SulI,8,8,-,4,-,DfrA5,-,0.5,-,NA,8,256,-,-,16,TEM-1D^,32,8,SHV-11^,-
ERR486751,Hospital 2,UK,2002,ST776,5615943,84,502528,230032,ESBL,non-CTX-M,512,SAMEA2273535,2,-,-,-,1,GyrA-87N,1 QRDR,1 QRDR,-,1,-,EreA2,-,CatA1^,-,SulI,16,8,-,2,-,DfrA5,-,1,-,NA,2,256,CTX-M-26,-,8,TEM-1D^,32,16,SHV-11^,-
ERR486792,Hospital 1,Republic of Ireland,2008,ST39,5434194,56,532533,288367,non-ESBL,non-CTX-M,512,SAMEA2273745,0.5,AadA17*;Aph3-Ia^,-,-,4,GyrA-83F;QnrB2,1 QRDR + qnr,1 QRDR,QnrB2,1,-,MphA,-,CatB8*,-,SulI,8,256,TetA,2,-,DfrA15^,-,0.12,-,0.25,0.25,32,-,-,16,TEM-1D^,32,16,SHV-11^,-
ERR486419,Hospital 29,UK,2010,ST29,5874384,66,593949,356865,ESBL,CTX-M,512,SAMEA2273811,128,Aac6-IIc;Aph3''Ia*?;StrA;StrB,MgrB-49%,-,4,GyrA-83F;QnrB4,1 QRDR + qnr,1 QRDR,other,1,-,EreA2?,-,CatA2*,-,SulI,32,256,TetD,0.5,-,DfrA19*,-,1,-,512,256,256,CTX-M-15;SHV-12?,-,128,DHA-1;TEM-1D^,256,64,-,-
ERR474518,Hospital 1,Republic of Ireland,2007,ST11,5584110,57,1346790,271523,non-ESBL,non-CTX-M,256,SAMEA2273704,0.5,AadA2^,-,-,64,GyrA-83I;ParC-80I,2 QRDR,2 QRDR,-,2,-,MphA,-,CatA1^;CatB4?,-,SulI,16,2,-,1,-,DfrA12,-,0.12,-,0.12,0.25,128,-,-,8,OXA-1,4,16,SHV-11,-
ERR486391,Hospital 1,Republic of Ireland,2009,ST11,5481336,66,622386,198573,non-ESBL,non-CTX-M,512,SAMEA2273779,0.5,AadA2^,-,-,128,GyrA-83I;ParC-80I,2 QRDR,2 QRDR,-,2,-,MphA,-,CatA1^;CatB4?,-,SulI,4,8,-,2,-,DfrA12,-,0.25,-,0.25,0.5,16,-,-,64,OXA-1,16,16,SHV-11,-
ERR486334,Hospital 16,UK,2003,ST231,5522652,64,520645,272750,ESBL,non-CTX-M,512,SAMEA2273583,128,Aac3-IId^;AadA1-pm*?;AadB*,-,-,4,GyrA-83I;ParC-80I,2 QRDR,2 QRDR,-,2,-,-,-,-,-,SulI*;SulII,16,256,TetD,0.5,-,DfrA15^,-,0.5,-,4,128,8,-,-,512,OXA-10;TEM-1D^,4,32,SHV-11^,-
ERR486755,Hospital 23,UK,2003,ST147,5533241,68,656933,219926,ESBL,CTX-M,512,SAMEA2273577,256,StrA*;StrB*,-,-,256,GyrA-83I;ParC-80I,2 QRDR,2 QRDR,-,2,-,-,-,CatB4?,-,SulII,2,2,-,0.5,-,DfrA14,-,0.25,-,512,512,256,-,-,256,OXA-1,4,32,SHV-11^,-
ERR486464,Hospital 12,UK,2005,ST147,5469316,79,522101,210496,ESBL,CTX-M,512,SAMEA2273856,0.5,StrA*;StrB*,-,-,32,GyrA-83I;ParC-80I,2 QRDR,2 QRDR,-,2,-,-,-,CatB4?,-,SulII,4,2,-,0.5,-,DfrA14,-,0.25,-,32,16,256,CTX-M-15,-,8,OXA-1,8,16,SHV-11^,-
ERR474483,Hospital 8,UK,2005,ST1,5520702,65,1447857,374251,ESBL,CTX-M,512,SAMEA2273659,0.5,-,-,-,64,GyrA-83I;ParC-80I,2 QRDR,2 QRDR,-,2,-,-,-,CatA2*,-,SulII,16,256,TetA,2,-,DfrA12,-,0.12,-,32,16,256,CTX-M-15,-,8,SHV-187*;TEM-1D^,8,8,-,-
ERR474492,Hospital 12,UK,2006,ST147,5672359,89,710327,272910,ESBL,CTX-M,512,SAMEA2273671,64,Aac3-IId^;Aac6-Ib;AadA1-pm*?;StrA^;StrB,-,-,16,GyrA-83I;ParC-80I,2 QRDR,2 QRDR,-,2,-,-,-,-,-,SulII,8,4,-,1,-,DfrA14,-,0.25,-,256,32,256,CTX-M-15,-,16,OXA-9*,8,16,SHV-11^,TEM-54*?
ERR486361,Hospital 23,UK,2004,ST147,5465059,70,533204,323437,ESBL,CTX-M,512,SAMEA2273615,128,Aac3-IIa^,-,-,16,GyrA-83I;ParC-80I,2 QRDR,2 QRDR,-,2,-,-,-,CatB4?,-,-,2,4,-,0.5,-,DfrA14,-,0.5,-,256,32,256,CTX-M-15,-,8,OXA-1,16,16,SHV-11^,-
ERR486360,Hospital 23,UK,2004,ST147,5468999,67,635556,396323,ESBL,CTX-M,512,SAMEA2273614,128,Aac3-IIa^,-,-,16,GyrA-83I;ParC-80I,2 QRDR,2 QRDR,-,2,-,-,-,CatB4?,-,-,2,2,-,0.5,-,DfrA14,-,0.5,-,512,32,256,CTX-M-15,-,8,OXA-1,16,16,SHV-11^,-
ERR474485,Hospital 8,UK,2005,ST1,5560011,53,758524,312152,ESBL,CTX-M,512,SAMEA2273661,128,Aac3-IId^;AadA2^,-,-,512,GyrA-83I;ParC-80I,2 QRDR,2 QRDR,-,2,-,MphA,-,CatA2*;CatB4?,-,SulI,16,256,TetA,4,-,DfrA12,-,0.12,-,128,32,256,CTX-M-15,-,128,OXA-1;SHV-187*;TEM-1D^,8,16,-,-
ERR486761,Hospital 9,UK,2004,ST147,5448363,70,341809,170872,ESBL,CTX-M,512,SAMEA2273621,128,Aac3-IIa^;StrA*;StrB*,-,-,16,GyrA-83I;ParC-80I,2 QRDR,2 QRDR,-,2,-,-,-,CatB4?,-,SulII,1,2,-,0.25,-,DfrA14,-,0.5,-,512,64,256,CTX-M-15,-,16,OXA-1,32,16,SHV-11^,-
ERR486758,Hospital 2,UK,2004,ST340,5501533,45,1339656,362567,ESBL,CTX-M,512,SAMEA2273594,128,Aac3-IIa^,-,-,256,GyrA-83I;ParC-80I,2 QRDR,2 QRDR,-,2,-,-,-,-,-,-,16,256,TetA,1,-,-,-,0.059999999,-,512,64,256,CTX-M-15,-,8,TEM-1D^,16,16,SHV-11,-
ERR486762,Hospital 8,UK,2004,ST1,5489819,70,758704,344307,ESBL,CTX-M,512,SAMEA2273626,128,Aac3-IIa^;StrA;StrB,-,-,512,GyrA-83I;ParC-80I,2 QRDR,2 QRDR,-,2,-,-,-,CatA2*;CatB4,-,SulII,32,256,TetA,2,-,-,-,0.5,-,256,128,256,CTX-M-15,-,128,OXA-1,64,32,-,-
ERR486328,Hospital 23,UK,2003,ST147,5556032,63,631911,214055,ESBL,CTX-M,512,SAMEA2273576,1,-,-,-,64,GyrA-83I;ParC-80I,2 QRDR,2 QRDR,-,2,-,-,-,-,-,-,32,16,-,0.5,-,DfrA14,-,0.25,-,256,512,256,CTX-M-15,-,16,-,32,8,SHV-11^,-
ERR486323,Hospital 2,UK,2003,ST11,5584098,63,813008,328696,ESBL,CTX-M,512,SAMEA2273571,64,Aac3-IIa^;AadA1-pm*?;AadA2^;Aph3-Ia^,-,-,128,GyrA-83I;ParC-80I,2 QRDR,2 QRDR,-,2,-,MphA,-,CatA1^;CatB4?;CmlA1*,-,SulI;SulIII,32,256,TetA,2,-,DfrA12,-,0.12,-,512,512,256,CTX-M-15,-,512,OXA-1;TEM-1D^,32,16,SHV-11,-
ERR486335,Hospital 8,UK,2003,ST1,5498845,54,758506,359146,ESBL,CTX-M,512,SAMEA2273584,128,Aac3-IIa^;StrA;StrB,-,-,512,GyrA-83I;ParC-80I,2 QRDR,2 QRDR,-,2,-,-,-,CatA2*;CatB4?,-,SulII,32,256,TetA,0.5,-,DfrA12,-,0.12,-,256,512,256,CTX-M-15,-,512,OXA-1;TEM-1D^,8,16,SHV-1?,-
ERR486421,Hospital 29,UK,2010,ST231,5367287,32,729635,497743,ESBL,CTX-M,512,SAMEA2273813,64,Aac3-IId^;Aac6-Ib;AadA1-pm*?;StrA*;StrB*,-,-,4,GyrA-83I;ParC-80I,2 QRDR,2 QRDR,-,2,-,-,-,-,-,SulII,2,4,-,0.5,-,DfrA14,-,0.25,-,512,64,256,CTX-M-15;SHV-12^,-,4,-,4,8,-,-
ERR486416,Hospital 5,UK,2010,ST340,5404891,68,1226979,207691,ESBL,CTX-M,512,SAMEA2273808,64,Aac3-IIa^;AadA2,-,-,128,GyrA-83I;ParC-80I,2 QRDR,2 QRDR,-,2,-,MphA,-,CatA1^;CatB4?,-,SulI,4,4,-,1,-,DfrA30*,-,0.25,-,512,128,256,CTX-M-15^,-,128,OXA-1;TEM-1D^,32,16,SHV-11,-
ERR474477,Hospital 5,UK,2005,ST340,5610412,64,572926,288869,ESBL,CTX-M,512,SAMEA2273651,64,Aac3-IIa^;AadA2,-,-,128,GyrA-83I;ParC-80I,2 QRDR,2 QRDR,-,2,-,-,-,CatA1^;CatB4?,-,SulI,4,4,-,0.5,-,DfrA30*,-,0.25,-,512,128,256,CTX-M-15^,-,64,OXA-1;TEM-1D^,64,16,SHV-11,-
ERR474544,Hospital 12,UK,2008,ST340,5331030,53,479194,288804,ESBL,CTX-M,512,SAMEA2273743,0.25,AadA2,-,-,512,GyrA-83I;ParC-80I,2 QRDR,2 QRDR,-,2,-,-,-,CatB4?,-,SulI,4,4,-,1,-,DfrA30*,-,0.5,-,256,256,256,CTX-M-15^,-,64,OXA-1,16,16,SHV-11,-
ERR486504,Hospital 12,UK,2006,ST340,5550156,73,874421,207851,ESBL,CTX-M,512,SAMEA2273870,0.5,AadA2,-,-,512,GyrA-83I;ParC-80I,2 QRDR,2 QRDR,-,2,-,MphA,-,CatA1^;CatB4?,-,SulI,4,4,-,0.5,-,DfrA30*,-,0.25,-,512,256,256,CTX-M-15^,-,128,OXA-1;TEM-1D^,32,16,SHV-11,-
ERR486500,Hospital 5,UK,2007,ST340,5352993,46,643831,288571,ESBL,CTX-M,512,SAMEA2273866,128,Aac3-IIa^,-,-,512,GyrA-83I;ParC-80I,2 QRDR,2 QRDR,-,2,-,-,-,CatA1^;CatB4,-,-,16,8,-,2,-,DfrA30*,-,0.25,-,512,256,256,CTX-M-15^,-,256,OXA-1,32,16,SHV-11,-
ERR474543,Hospital 12,UK,2008,ST340,5331874,55,550209,208292,ESBL,CTX-M,512,SAMEA2273742,0.5,AadA2,-,-,512,GyrA-83I;ParC-80I,2 QRDR,2 QRDR,-,2,-,-,-,CatB4?,-,SulI,8,8,-,2,-,DfrA30*,-,0.5,-,512,256,256,CTX-M-15^,-,64,OXA-1,64,32,SHV-11,-
ERR486390,Hospital 12,UK,2009,ST340,5330414,47,550223,288984,ESBL,CTX-M,512,SAMEA2273778,0.25,AadA2?,-,-,512,GyrA-83I;ParC-80I,2 QRDR,2 QRDR,-,2,-,-,-,CatB4?,-,SulI,8,4,-,1,-,DfrA30*,-,0.12,-,512,512,256,CTX-M-15^,-,64,OXA-1,16,16,SHV-11,-
ERR486759,Hospital 3,UK,2004,ST1,5509044,40,1431244,473319,ESBL,non-CTX-M,512,SAMEA2273595,0.5,-,-,-,32,GyrA-83I;ParC-80I,2 QRDR,2 QRDR,-,2,-,-,-,-,-,-,8,8,-,1,-,-,OmpK35-46%,0.059999999,-,0.12,2,8,-,-,32,-,16,8,SHV-1?,-
ERR474512,Hospital 17,UK,2006,ST11,5468852,51,1529461,340330,ESBL,CTX-M,512,SAMEA2273698,32,Aac3-IId^,-,-,128,GyrA-83I;ParC-80I,2 QRDR,2 QRDR,-,2,-,-,-,CatA2*,-,-,64,256,-,0.5,-,-,OmpK35-70%,0.5,-,512,512,256,CTX-M-15,-,512,TEM-1D^,64,16,SHV-11,-
ERR486777,Hospital 16,UK,2006,ST11,5489889,59,840886,333495,ESBL,CTX-M,512,SAMEA2273695,16,Aac3-IId^;Aph3-Ia^,-,-,128,GyrA-83I;ParC-80I,2 QRDR,2 QRDR,-,2,-,MphA,-,CatB4?,-,-,64,256,TetA;TetD,2,-,DfrA14,OmpK35-70%,0.5,-,128,256,256,CTX-M-15;SHV-12?,-,256,OXA-1;TEM-1D^,32,32,-,-
ERR474510,Hospital 16,UK,2006,ST11,5488116,59,840683,368248,ESBL,CTX-M,512,SAMEA2273694,64,Aac3-IId^;Aph3-Ia^,-,-,128,GyrA-83I;ParC-80I,2 QRDR,2 QRDR,-,2,-,MphA,-,CatB4?,-,-,64,256,TetA;TetD,1,-,DfrA14,OmpK35-70%,0.5,-,256,256,256,CTX-M-15;SHV-12^,-,32,OXA-1;TEM-1D^,32,32,-,-
ERR486346,Hospital 5,UK,2004,ST1,5384410,51,699471,315720,non-ESBL,non-CTX-M,128,SAMEA2273599,512,Aac3-IId^;AadA1-pm*;Aph3-Ia^,-,-,128,GyrA-83I;ParC-84K,2 QRDR,2 QRDR,-,2,-,-,-,CmlA5;FloR*,Arr2,SulI;SulII,4,4,-,1,-,DfrA14;DfrA25,OmpK35-7%,0.059999999,-,0.059999999,0.5,16,-,-,8,OXA-10;SHV-187*,32,8,-,-
ERR486458,Hospital 31,UK,2011,ST307,5391512,46,596044,372861,ESBL,CTX-M,512,SAMEA2273850,64,Aac3-IIa^;StrA^;StrB,-,-,128,GyrA-83I;ParC-80I;QnrB1?,2 QRDR,2 QRDR,QnrB1,2,-,-,-,CatB4?,-,SulII,4,256,TetA,0.5,-,DfrA14,-,0.5,-,256,16,256,CTX-M-15,-,4,OXA-1;SHV-28^;TEM-1D^,4,16,-,-
ERR486801,Hospital 1,Republic of Ireland,2009,ST147,5555172,38,1120884,805417,ESBL,CTX-M,512,SAMEA2273780,32,StrB,-,-,128,GyrA-83I;ParC-80I;QnrB1?,2 QRDR,2 QRDR,QnrB1,2,-,-,-,CatB4?,-,SulII,4,256,TetA,1,-,DfrA14,-,0.5,-,512,16,256,CTX-M-15,-,16,OXA-1;TEM-1D^,4,16,SHV-11^,-
ERR486769,Hospital 23,UK,2005,ST147,5522013,67,378667,191420,ESBL,CTX-M,512,SAMEA2273654,1,-,-,-,128,GyrA-83I;ParC-80I;QnrB1*,2 QRDR,2 QRDR,QnrB1,2,-,-,-,CatB4?,-,-,2,2,-,0.5,-,DfrA14,-,0.25,-,128,16,256,CTX-M-15,-,8,OXA-1,8,16,SHV-11^,-
ERR486753,Hospital 23,UK,2002,ST147,5542030,69,536193,214334,ESBL,non-CTX-M,512,SAMEA2273543,128,Aac3-IIa^;StrB*,-,-,128,GyrA-83I;ParC-80I;QnrB1*,2 QRDR,2 QRDR,QnrB1,2,-,-,-,CatB4?,-,SulII,2,2,-,2,-,DfrA14,-,0.5,-,NA,32,16,CTX-M-15,-,8,-,4,16,SHV-11^,-
ERR486362,Hospital 23,UK,2004,ST147,5542435,68,559514,179362,ESBL,CTX-M,512,SAMEA2273616,1,StrA*;StrB*,-,-,128,GyrA-83I;ParC-80I;QnrB1*,2 QRDR,2 QRDR,QnrB1,2,-,-,-,CatA2*;CatB4,-,SulII,4,4,-,0.5,-,DfrA14,-,0.5,-,256,32,256,CTX-M-15,-,16,OXA-1,16,16,SHV-11^,-
ERR486367,Hospital 9,UK,2004,ST147,5303164,60,355016,202835,ESBL,CTX-M,512,SAMEA2273622,64,Aac3-IIa^;StrA*;StrB*,-,-,64,GyrA-83I;ParC-80I;QnrB1*,2 QRDR,2 QRDR,QnrB1,2,-,-,-,CatB4?,-,SulII,2,2,-,0.5,-,DfrA14,-,0.25,-,512,128,256,CTX-M-15,-,64,OXA-1,64,16,SHV-11^,-
ERR486793,Hospital 1,Republic of Ireland,2008,ST15,5202620,67,518298,220278,non-ESBL,non-CTX-M,512,SAMEA2273746,64,Aac3-IId^;AadA5;StrA^;StrB,-,-,8,GyrA-83F;GyrA-87A;ParC-80I,3 QRDR,3 QRDR,-,3,-,MphA,-,CatA2*?,-,SulI;SulII,4,128,TetA,2,-,DfrA17,-,1,-,0.029999999,0.059999999,4,-,-,4,SHV-28^;TEM-1D^,4,4,-,-
ERR474532,Hospital 9,UK,2007,ST15,5362172,36,715972,321854,non-ESBL,non-CTX-M,512,SAMEA2273724,0.5,AadA2^;StrA;StrB,-,-,16,GyrA-83F;GyrA-87A;ParC-80I,3 QRDR,3 QRDR,-,3,-,-,-,CatA1^,-,SulI,8,256,TetA,2,-,DfrA12,-,0.25,-,0.5,0.25,64,-,-,128,SHV-28^,4,16,-,-
ERR474478,Hospital 6,UK,2005,ST15,5491656,58,508967,259276,non-ESBL,non-CTX-M,128,SAMEA2273653,0.5,AadA2^;StrA;StrB,-,-,64,GyrA-83F;GyrA-87A;ParC-80I,3 QRDR,3 QRDR,-,3,-,-,-,CatA1^,-,SulI,32,8,-,2,-,DfrA12,-,0.12,-,0.059999999,0.25,16,-,-,8,SHV-28^,8,4,-,-
ERR486519,Hospital 25,Republic of Ireland,2007,ST15,5593235,56,844780,302628,non-ESBL,non-CTX-M,512,SAMEA2273886,128,Aac3-IId^;AadA5;StrA^;StrB,-,-,64,GyrA-83F;GyrA-87A;ParC-80I,3 QRDR,3 QRDR,-,3,-,MphA,-,CatA2*,-,SulI;SulII,32,256,TetA,4,-,DfrA17,-,0.12,-,0.12,0.5,8,-,-,8,SHV-28^;TEM-1D^,8,8,-,-
ERR486455,Hospital 26,UK,2011,ST15,5483435,63,766705,312769,ESBL,non-CTX-M,512,SAMEA2273847,0.25,AadA1-pm*?;AadA2^;StrB,-,-,64,GyrA-83F;GyrA-87A;ParC-80I,3 QRDR,3 QRDR,-,3,-,-,-,-,-,SulI,64,256,TetD,2,-,DfrA12,-,0.12,-,0.25,2,16,-,-,64,SHV-28^,16,16,-,-
ERR486770,Hospital 17,UK,2005,ST15,5345880,60,651364,222937,ESBL,CTX-M,512,SAMEA2273662,64,-,-,-,64,GyrA-83F;GyrA-87A;ParC-80I,3 QRDR,3 QRDR,-,3,-,-,-,CatB4?,-,-,2,2,-,0.5,-,-,-,0.25,-,128,16,256,-,-,32,OXA-1;SHV-28^,4,16,-,-
ERR474497,Hospital 2,UK,2006,ST15,5579664,72,510273,194134,ESBL,CTX-M,512,SAMEA2273676,0.5,Aac6-Ib;AadA1-pm*?;StrA*;StrB*,-,-,16,GyrA-83F;GyrA-87A;ParC-80I,3 QRDR,3 QRDR,-,3,-,-,-,CatA2*,-,SulII,2,2,-,0.5,-,DfrA14,-,0.12,-,32,16,256,CTX-M-15,-,64,OXA-9;SHV-28^;TEM-1D^,4,16,-,-
ERR486502,Hospital 2,UK,2006,ST15,5295935,44,756074,294768,ESBL,CTX-M,512,SAMEA2273868,64,Aac3-IIa^;StrA^;StrB,-,-,32,GyrA-83F;GyrA-87A;ParC-80I,3 QRDR,3 QRDR,-,3,-,-,-,-,-,SulII,2,2,-,0.5,-,DfrA14,-,0.12,-,64,16,256,CTX-M-15,-,8,OXA-1;SHV-28^;TEM-1D^,2,16,-,-
ERR474496,Hospital 2,UK,2006,ST15,5598097,65,582486,291997,ESBL,CTX-M,512,SAMEA2273675,128,AadA1-pm*?;StrA*;StrB*,-,-,64,GyrA-83F;GyrA-87A;ParC-80I,3 QRDR,3 QRDR,-,3,-,-,-,CatA2*;CatB4?,-,SulII,2,2,-,0.5,-,-,-,0.25,-,32,16,256,CTX-M-15,-,16,OXA-1;OXA-9;SHV-28^;TEM-1D^,4,16,-,-
ERR486771,Hospital 17,UK,2005,ST15,5363512,50,651367,257531,ESBL,CTX-M,512,SAMEA2273668,64,Aac3-IIa^;StrA^;StrB,-,-,64,GyrA-83F;GyrA-87A;ParC-80I,3 QRDR,3 QRDR,-,3,-,-,-,CatB4?,-,SulII,2,2,-,0.5,-,-,-,0.25,-,128,16,256,CTX-M-15,-,32,OXA-1;SHV-28^;TEM-1D^,4,16,-,-
ERR486804,Hospital 8,UK,2005,ST11,5294300,47,894251,270191,ESBL,CTX-M,512,SAMEA2273789,64,Aac3-IIa^;StrA;StrB,-,-,64,GyrA-83F;GyrA-87A;ParC-80I,3 QRDR,3 QRDR,-,3,-,-,-,CatB4?,-,SulII,2,2,-,0.5,-,-,-,0.5,-,128,16,256,CTX-M-15,-,64,OXA-1;TEM-1D^,32,16,SHV-11,-
ERR474484,Hospital 8,UK,2005,ST11,5532235,62,889898,307191,ESBL,CTX-M,512,SAMEA2273660,64,Aac3-IIa^;Aph3-Ia^;StrA;StrB,-,-,256,GyrA-83F;GyrA-87A;ParC-80I,3 QRDR,3 QRDR,-,3,-,MphA,-,CatA1^;CatB4?,-,SulII,8,4,-,2,-,-,-,0.12,-,32,16,256,CTX-M-15,-,32,OXA-1;TEM-1D^,32,16,SHV-11,-
ERR474501,Hospital 4,UK,2006,ST15,5505341,49,445603,289149,ESBL,CTX-M,512,SAMEA2273682,128,Aac3-IIa^;StrA^;StrB,-,-,64,GyrA-83F;GyrA-87A;ParC-80I,3 QRDR,3 QRDR,-,3,-,-,-,CatB4?,-,SulII,4,2,-,0.5,-,-,-,0.12,-,128,32,256,CTX-M-15,-,4,OXA-1;SHV-28^;TEM-1D^,4,16,-,-
ERR486400,Hospital 26,UK,2009,ST15,5506735,64,651792,370851,ESBL,CTX-M,512,SAMEA2273792,32,Aac3-IIa^;StrA^;StrB,-,-,64,GyrA-83F;GyrA-87A;ParC-80I,3 QRDR,3 QRDR,-,3,-,-,-,CatB4?,-,SulII,2,2,-,0.5,-,DfrA14,-,0.25,-,512,32,256,CTX-M-15,-,16,OXA-1;SHV-28^;TEM-1D^,4,16,-,-
ERR486767,Hospital 2,UK,2005,ST15,5530968,70,510100,227266,ESBL,CTX-M,512,SAMEA2273641,64,-,-,-,64,GyrA-83F;GyrA-87A;ParC-80I,3 QRDR,3 QRDR,-,3,-,-,-,CatB4?,-,SulII,4,128,TetA,0.5,-,DfrA14,-,0.12,-,128,32,256,CTX-M-15,-,8,OXA-1;SHV-28^;TEM-1D^,8,16,-,-
ERR486776,Hospital 10,UK,2006,ST15,5622698,64,584663,259979,ESBL,CTX-M,512,SAMEA2273693,64,Aac3-IIa^;Aac6-Ib;AadA1-pm*?;StrA*;StrB*,-,-,64,GyrA-83F;GyrA-87A;ParC-80I,3 QRDR,3 QRDR,-,3,-,-,-,CatA2*;CatB4?,-,SulII,16,2,-,0.5,-,DfrA14,-,0.25,-,256,32,256,CTX-M-15,-,16,OXA-1;OXA-9;SHV-28^;TEM-1D^,8,16,-,-
ERR474548,Hospital 2,UK,2008,ST15,5622931,80,456171,235990,ESBL,CTX-M,512,SAMEA2273749,512,Aac3-IId*;ArmA;StrA*;StrB*,-,-,64,GyrA-83F;GyrA-87A;ParC-80I,3 QRDR,3 QRDR,-,3,-,MphE*;MsrE,-,CatA2*;CatB4?,-,SulII,4,2,-,1,-,DfrA14,-,0.25,-,512,32,256,CTX-M-15,-,16,OXA-1;OXA-9;SHV-28^;TEM-1D^,4,32,-,-
ERR474482,Hospital 8,UK,2005,ST11,5591274,55,1355196,354620,ESBL,CTX-M,512,SAMEA2273658,64,Aac3-IIa^;AadA2^;Aph3-Ia^;StrA;StrB,-,-,256,GyrA-83F;GyrA-87A;ParC-80I,3 QRDR,3 QRDR,-,3,-,MphA,-,CatA1^;CatB4?,-,SulI;SulII,8,8,-,2,-,DfrA12,-,0.25,-,128,32,256,CTX-M-15,-,32,OXA-1;TEM-1D^,64,16,SHV-11,-
ERR474520,Hospital 2,UK,2007,ST15,5596365,73,649080,215924,ESBL,CTX-M,512,SAMEA2273706,128,Aac3-IIa^;Aac6-Ib;AadA1-pm*?;StrB*,-,-,16,GyrA-83F;GyrA-87A;ParC-80I,3 QRDR,3 QRDR,-,3,-,-,-,CatA2*;CatB4?,-,SulII,4,2,-,0.5,-,-,-,0.12,-,512,64,256,CTX-M-15,-,8,OXA-9;SHV-28^;TEM-1D^,4,8,-,-
ERR486375,Hospital 17,UK,2004,ST15,5406859,47,679667,307282,ESBL,CTX-M,512,SAMEA2273632,128,Aac3-IIa*?;StrA^;StrB,-,-,16,GyrA-83F;GyrA-87A;ParC-80I,3 QRDR,3 QRDR,-,3,-,-,-,CatB4?,-,SulII,2,2,-,0.5,-,DfrA14,-,0.059999999,-,256,64,256,CTX-M-15,-,16,OXA-1?;SHV-28^;TEM-1D^,8,16,-,-
ERR486518,Hospital 27,UK,2009,ST15,5531999,75,607170,208107,ESBL,CTX-M,512,SAMEA2273885,128,Aac3-IIa^;AadA2^;StrA;StrB,-,-,128,GyrA-83F;GyrA-87A;ParC-80I,3 QRDR,3 QRDR,-,3,-,-,-,CatA1^;CatB4?,-,SulI,8,256,TetA,2,-,DfrA12,-,0.5,-,512,128,256,CTX-M-15,-,64,OXA-1;SHV-28^,8,32,-,-
ERR474490,Hospital 11,UK,2006,ST15,5662013,66,576122,264343,ESBL,CTX-M,512,SAMEA2273669,0.25,StrA^;StrB,-,-,64,GyrA-83F;GyrA-87A;ParC-80I,3 QRDR,3 QRDR,-,3,-,-,-,-,-,SulII,32,256,TetA,4,-,DfrA14,-,0.12,-,512,256,256,CTX-M-15,-,32,SHV-28^;TEM-1D^,32,16,-,-
ERR474530,Hospital 18,UK,2007,ST15,5471967,56,472526,207967,ESBL,CTX-M,512,SAMEA2273719,128,Aac3-IIa^,-,-,128,GyrA-83F;GyrA-87A;ParC-80I,3 QRDR,3 QRDR,-,3,-,-,-,CatB4,-,-,32,256,TetA,4,-,-,-,0.12,-,512,256,256,CTX-M-15,-,32,OXA-1;SHV-28^,32,16,-,-
ERR474513,Hospital 17,UK,2006,ST15,5471267,48,679521,260417,ESBL,CTX-M,512,SAMEA2273699,64,StrA^;StrB,-,-,64,GyrA-83F;GyrA-87A;ParC-80I,3 QRDR,3 QRDR,-,3,-,-,-,CatB4,-,SulII,4,4,-,0.5,-,DfrA14,OmpK35-17%,0.5,-,512,64,256,CTX-M-15,-,512,OXA-1;SHV-28^;TEM-1D^,4,64,-,-
ERR486799,Hospital 18,UK,2009,ST15,5347741,40,725654,352566,non-ESBL,non-CTX-M,512,SAMEA2273773,0.25,AadA2^;Aph3-Ia^,-,-,16,GyrA-83F;GyrA-87A;ParC-80I,3 QRDR,3 QRDR,-,3,-,MphA,-,CatA1^,-,SulI;SulII,8,256,TetA,2,-,DfrA12,OmpK35-21%,0.25,-,0.12,1,16,-,-,512,SHV-28^;TEM-1D^,4,32,-,-
ERR486418,Hospital 6,UK,2010,ST15,5406269,53,913130,316766,ESBL,CTX-M,512,SAMEA2273810,0.5,AadA1-pm*?,-,-,128,GyrA-83F;GyrA-87A;ParC-80I,3 QRDR,3 QRDR,-,3,-,-,-,-,-,-,2,4,-,0.5,-,DfrA1*,OmpK35-89%,2,VIM-4,256,32,256,CTX-M-15,-,128,OXA-1;SHV-28^,32,32,-,-
ERR486466,Hospital 16,UK,2006,ST36,5537693,57,897241,331261,non-ESBL,non-CTX-M,512,SAMEA2273858,0.25,-,-,-,512,GyrA-83F;GyrA-87G;ParC-80I,3 QRDR,3 QRDR,-,3,-,-,-,-,-,-,64,16,-,4,-,-,-,0.25,-,0.5,1,32,-,-,32,-,64,8,SHV-11^,-
ERR486750,Hospital 17,UK,2001,ST423,5228819,40,704285,339647,ESBL,NA,512,SAMEA2273529,0.25,-,-,-,256,GyrA-83F;GyrA-87G;ParC-80R,3 QRDR,3 QRDR,-,3,-,-,-,-,-,-,NA,NA,-,NA,-,-,-,0.059999999,-,NA,32,256,-,-,512,SHV-2a^,4,16,-,-
ERR474535,Hospital 9,UK,2007,ST16,5438534,37,730764,398573,non-ESBL,non-CTX-M,256,SAMEA2273727,2,AadA2^,-,-,256,GyrA-83F;GyrA-87N;ParC-84K,3 QRDR,3 QRDR,-,3,-,MphA,-,CatB4?,-,SulI,16,256,TetA,4,-,DfrA12,-,0.5,-,0.5,0.25,8,-,-,128,OXA-1;TEM-1D^,8,32,-,SHV-26*
ERR486372,Hospital 8,UK,2004,ST16,5460993,34,1363387,492125,ESBL,CTX-M,512,SAMEA2273629,8,Aac3-IId^,-,-,512,GyrA-83F;GyrA-87N;ParC-84K,3 QRDR,3 QRDR,-,3,-,-,-,-,-,SulI,4,256,-,1,-,DfrA25,-,0.25,-,256,64,256,-,-,64,-,32,32,-,SHV-26*
ERR486356,Hospital 2,UK,2004,ST16,5461814,54,633529,419165,ESBL,CTX-M,512,SAMEA2273609,64,Aac3-IId^,-,-,128,GyrA-83F;GyrA-87N;ParC-84K,3 QRDR,3 QRDR,-,3,-,-,-,CatB4?,-,-,4,128,TetA,1,-,-,-,0.25,-,256,16,256,CTX-M-15,-,4,OXA-1;TEM-1D^,4,16,-,SHV-26*
ERR474468,Hospital 2,UK,2005,ST16,5451376,31,1466721,737963,ESBL,CTX-M,512,SAMEA2273642,1,AadA2^;Aph3-Ia^,-,-,256,GyrA-83F;GyrA-87N;ParC-84K,3 QRDR,3 QRDR,-,3,-,MphA,-,CatB4?,-,SulI,8,256,TetA,1,-,DfrA12,-,0.25,-,128,16,256,CTX-M-15,-,8,OXA-1;TEM-1D^,16,16,-,SHV-26*
ERR486501,Hospital 8,UK,2006,ST16,5477787,42,705948,324305,ESBL,CTX-M,512,SAMEA2273867,8,Aac3-IId^;AadA2^,-,-,128,GyrA-83F;GyrA-87N;ParC-84K,3 QRDR,3 QRDR,-,3,-,MphA,-,-,-,SulI,8,256,-,1,-,DfrA12;DfrA25,-,0.25,-,32,32,256,CTX-M-15,-,4,TEM-1D^,8,8,-,SHV-26*
ERR474522,Hospital 4,UK,2007,ST16,5353638,33,1423882,721084,ESBL,CTX-M,512,SAMEA2273709,1,AadA2^,-,-,256,GyrA-83F;GyrA-87N;ParC-84K,3 QRDR,3 QRDR,-,3,-,MphA,-,CatB4?,-,SulI,16,256,TetA,2,-,DfrA12,-,0.12,-,256,32,256,CTX-M-15,-,32,OXA-1;TEM-1D^,64,16,-,SHV-26*
ERR474487,Hospital 9,UK,2005,ST16,5445451,40,937864,478801,ESBL,CTX-M,512,SAMEA2273664,1,AadA2^,-,-,256,GyrA-83F;GyrA-87N;ParC-84K,3 QRDR,3 QRDR,-,3,-,MphA,-,CatB4,-,SulI,4,256,TetA,1,-,DfrA12,-,0.25,-,128,64,256,CTX-M-15,-,16,OXA-1;TEM-1D^,8,16,-,SHV-26*
ERR486397,Hospital 9,UK,2005,ST16,5527618,37,996762,425697,ESBL,CTX-M,512,SAMEA2273787,0.5,-,-,-,256,GyrA-83F;GyrA-87N;ParC-84K,3 QRDR,3 QRDR,-,3,-,-,-,CatB4?,-,-,4,256,TetA,0.5,-,-,-,0.12,-,256,128,256,CTX-M-15,-,8,OXA-1;TEM-1D^,8,16,-,SHV-26*
ERR474507,Hospital 9,UK,2006,ST16,5424787,43,586361,293753,ESBL,CTX-M,512,SAMEA2273689,0.5,AadA2^,-,-,512,GyrA-83F;GyrA-87N;ParC-84K,3 QRDR,3 QRDR,-,3,-,MphA,-,CatB4?,-,SulI,8,4,-,1,-,DfrA12,-,0.5,-,512,256,256,CTX-M-15,-,32,OXA-1,8,16,-,SHV-26*
ERR486784,Hospital 9,UK,2007,ST16,5477749,55,742830,425653,ESBL,CTX-M,512,SAMEA2273723,1,AadA2^;Aph3-Ia^,-,-,512,GyrA-83F;GyrA-87N;ParC-84K,3 QRDR,3 QRDR,-,3,-,MphA,-,CatB4?,-,SulI,16,256,TetA,2,-,DfrA12,-,0.5,-,512,256,256,CTX-M-15,-,32,OXA-1,16,16,-,SHV-26*
ERR474534,Hospital 9,UK,2007,ST16,5441279,39,805419,709136,ESBL,CTX-M,256,SAMEA2273726,2,AadA2^,-,-,512,GyrA-83F;GyrA-87N;ParC-84K,3 QRDR,3 QRDR,-,3,-,MphA,-,CatB4?,-,SulI,16,256,TetA,4,-,DfrA12,-,0.5,-,512,256,256,CTX-M-15,-,128,OXA-1;TEM-1D^,16,32,-,SHV-26*
ERR486354,Hospital 13,UK,2003,ST42,5505816,63,525073,257597,non-ESBL,non-CTX-M,512,SAMEA2273607,128,Aac3-IId^,-,-,128,GyrA-83F;GyrA-87Y;ParC-80I,3 QRDR,3 QRDR,-,3,-,MphA,-,CatA1^,-,SulI,64,256,TetA*;TetD,2,-,DfrA5,-,0.25,-,0.25,1,32,-,-,512,TEM-1D^,8,16,-,SHV-26*
ERR486290,Hospital 13,UK,2002,ST42,5505628,80,524960,188602,ESBL,non-CTX-M,512,SAMEA2273534,128,Aac3-IId^;Aac6-Ib;AadA1-pm*?,-,-,32,GyrA-83F;GyrA-87Y;ParC-80I,3 QRDR,3 QRDR,-,3,-,MphA,-,CatA1^,-,SulI,64,256,TetA*;TetD,4,-,DfrA5,-,0.25,-,NA,256,64,SHV-12,-,512,OXA-9*;TEM-1D^,32,32,-,-
ERR486749,Hospital 8,UK,2001,ST42,5550055,97,525295,208151,ESBL,NA,512,SAMEA2273526,256,Aac3-IId^;Aph3-Ia^,-,-,16,GyrA-83F;GyrA-87Y;ParC-80I,3 QRDR,3 QRDR,-,3,-,MphA,-,CatA1^,-,SulI,NA,NA,TetA*;TetD,NA,-,DfrA5,-,0.25,-,NA,512,256,SHV-12,-,512,-,32,32,-,TEM-54*?
ERR486283,Hospital 8,UK,2001,ST42,5414579,66,529304,244781,ESBL,NA,512,SAMEA2273525,1,Aac6-Ib;AadA1-pm*?;Aph3-Ia^,-,-,64,GyrA-83F;GyrA-87Y;ParC-80I,3 QRDR,3 QRDR,-,3,-,MphA,-,CatA1^,-,SulI,NA,NA,TetA*,NA,-,DfrA5,-,0.5,-,NA,512,256,SHV-12,-,512,OXA-9*;TEM-1D^,16,32,-,-
ERR486802,Hospital 3,UK,2005,ST101,5586154,47,724089,353619,non-ESBL,non-CTX-M,128,SAMEA2273782,0.5,StrA;StrB,-,-,64,GyrA-83Y;GyrA-87A;ParC-80I,3 QRDR,3 QRDR,-,3,-,-,-,-,-,SulII,8,8,-,2,-,-,-,0.12,-,0.25,0.5,16,-,-,8,SHV-28*,16,4,-,-
ERR474469,Hospital 3,UK,2005,ST101,5576752,39,991318,507173,ESBL,CTX-M,512,SAMEA2273643,64,Aac3-IIa^,-,-,256,GyrA-83Y;GyrA-87A;ParC-80I,3 QRDR,3 QRDR,-,3,-,-,-,-,-,-,8,8,-,1,-,-,-,0.25,-,512,256,256,CTX-M-15,-,8,-,32,8,SHV-11^,-
ERR486345,Hospital 4,UK,2004,ST1705,5381264,61,1370266,224983,ESBL,CTX-M,512,SAMEA2273598,0.5,-,-,-,512,GyrA-83Y;GyrA-87A;ParC-80I,3 QRDR,3 QRDR,-,3,-,-,-,CatB4,-,-,16,256,TetA,2,-,-,OmpK35-12%,0.059999999,-,512,128,256,CTX-M-15,-,32,OXA-1;SHV-133;TEM-1D^,16,16,-,-
ERR486773,Hospital 4,UK,2006,ST101,5605604,81,628196,283942,ESBL,CTX-M,512,SAMEA2273680,128,Aac3-IId^;Aph3-Ia^;StrA*;StrB*,-,-,256,GyrA-83Y;GyrA-87G;ParC-80I,3 QRDR,3 QRDR,-,3,-,-,-,CatB4?,-,SulII,32,256,TetD,1,-,DfrA14,-,0.25,-,128,32,256,CTX-M-15,-,512,OXA-1;SHV-28*;TEM-1D^,16,32,-,-
ERR486507,Hospital 18,UK,2007,ST101,5581733,80,774426,285482,ESBL,non-CTX-M,512,SAMEA2273874,64,Aac3-IId^;Aph3-Ia^;StrA*;StrB*,-,-,128,GyrA-83Y;GyrA-87G;ParC-80I,3 QRDR,3 QRDR,-,3,-,-,-,CatB4?,-,SulII,32,256,TetD,1,-,DfrA14,-,0.12,-,256,256,256,CTX-M-15,-,512,OXA-1;SHV-28*;TEM-1D^,16,32,-,-
ERR486783,Hospital 18,UK,2007,ST101,5608683,75,771331,352391,ESBL,CTX-M,512,SAMEA2273722,64,Aac3-IId^;Aph3-Ia^;StrA*;StrB*,-,-,128,GyrA-83Y;GyrA-87G;ParC-80I,3 QRDR,3 QRDR,-,3,-,-,-,CatB4?,-,SulII,32,256,TetD,1,-,DfrA14,-,0.12,-,512,256,256,CTX-M-15,-,512,OXA-1;SHV-28*;TEM-1D^,32,32,-,-
ERR486413,Hospital 4,UK,2010,ST101,5537024,60,815975,383204,ESBL,CTX-M,512,SAMEA2273805,64,Aac3-IId^;StrA*;StrB*,-,-,256,GyrA-83Y;GyrA-87G;ParC-80I,3 QRDR,3 QRDR,-,3,-,-,-,CatB4?,-,SulII,32,256,TetD,0.5,-,DfrA14,-,0.25,-,512,256,256,CTX-M-15,-,512,OXA-1;SHV-28*;TEM-1D^,16,32,-,-
ERR486511,Hospital 27,UK,2011,ST14,5639188,77,852700,279250,ESBL,CTX-M,512,SAMEA2273878,128,Aac3-IIa?;Aac6Ib-cr^;AadA1-pm*?;Sat-2A;StrA*;StrB*,-,-,256,GyrA-83Y;GyrA-87G;ParC-80I,3 QRDR,3 QRDR,-,3,-,EreA2*;ErmB*;MphA,-,CatB4?;CmlA5,Arr2,SulI*;SulII*,16,16,-,2,-,DfrA1,OmpK36GD,0.25,-,512,128,256,CTX-M-15,-,512,OXA-1;OXA-9,256,64,SHV-11*?,TEM-30*?
ERR486462,Hospital 19,UK,2006,ST874,5579015,48,1875743,376531,non-ESBL,non-CTX-M,512,SAMEA2273854,64,Aac3-IIa^;AadA5;StrA;StrB,-,-,128,GyrA-83Y;GyrA-87N;ParC-80I,3 QRDR,3 QRDR,-,3,-,-,-,CatB4?,-,SulI,4,2,-,0.5,-,DfrA17,-,0.25,-,0.12,0.25,8,-,-,32,OXA-1;SHV-121;TEM-1D^,8,16,-,-
ERR486359,Hospital 11,UK,2004,ST874,5364960,43,1125378,472872,ESBL,CTX-M,512,SAMEA2273612,128,Aac3-IIa^;AadA2^;Aph3-Ia^;StrA;StrB,-,-,128,GyrA-83Y;GyrA-87N;ParC-80I,3 QRDR,3 QRDR,-,3,-,MphA,-,CatB4?,-,SulI;SulII,8,256,TetA,1,-,DfrA12,-,0.12,-,256,8,256,-,-,16,OXA-1;SHV-121;TEM-1D^,8,16,-,-
ERR474476,Hospital 5,UK,2005,ST874,5388366,36,1128231,384132,ESBL,CTX-M,512,SAMEA2273650,32,Aac3-IIa^;AadA2^;Aph3-Ia^;StrA;StrB,-,-,32,GyrA-83Y;GyrA-87N;ParC-80I,3 QRDR,3 QRDR,-,3,-,MphA,-,-,-,SulI;SulII,2,128,TetA,1,-,DfrA12,-,0.059999999,-,128,16,256,CTX-M-15,-,4,SHV-121;TEM-1D^,4,8,-,-
ERR474474,Hospital 5,UK,2005,ST874,5415686,47,1122024,307952,ESBL,CTX-M,512,SAMEA2273648,32,Aac3-IIa^;AadA2^;Aph3-Ia^;StrA;StrB,-,-,128,GyrA-83Y;GyrA-87N;ParC-80I,3 QRDR,3 QRDR,-,3,-,MphA,-,CatB4?,-,SulI;SulII,1,2,-,0.25,-,DfrA12,-,0.5,-,256,16,256,CTX-M-15,-,16,OXA-1;SHV-121;TEM-1D^,8,16,-,-
ERR486515,Hospital 19,UK,2006,ST874,5555588,46,743597,361688,ESBL,CTX-M,512,SAMEA2273882,128,Aac3-IIa^;AadA5;Aph3-Ia^;StrA;StrB,-,-,256,GyrA-83Y;GyrA-87N;ParC-80I,3 QRDR,3 QRDR,-,3,-,MphA,-,CatB4?,-,SulI,4,4,-,1,-,DfrA17,-,0.12,-,128,16,256,CTX-M-15,-,4,OXA-1;SHV-121;TEM-1D^,4,16,-,-
ERR474470,Hospital 4,UK,2005,ST874,5563764,59,707262,384266,ESBL,CTX-M,512,SAMEA2273644,128,Aac3-IIa^;AadA5;Aph3-Ia^;StrA;StrB,-,-,256,GyrA-83Y;GyrA-87N;ParC-80I,3 QRDR,3 QRDR,-,3,-,MphA,-,CatB4,-,SulI;SulII*,32,256,TetD,0.5,-,DfrA17,-,0.12,-,256,16,256,CTX-M-15,-,256,OXA-1;SHV-121*;TEM-1D^,8,16,-,-
ERR486782,Hospital 18,UK,2007,ST874,5360208,56,1133557,369128,ESBL,CTX-M,512,SAMEA2273720,0.5,Aph3-Ia^;StrA;StrB,-,-,256,GyrA-83Y;GyrA-87N;ParC-80I,3 QRDR,3 QRDR,-,3,-,-,-,CatB4,-,SulII,8,256,TetA,2,-,-,-,0.5,-,128,16,256,CTX-M-15,-,32,OXA-1;SHV-121;TEM-1D^,32,16,-,-
ERR486790,Hospital 11,UK,2008,ST874,5362167,43,1129206,324950,ESBL,CTX-M,512,SAMEA2273738,128,Aac3-IIa^;AadA2^;Aph3-Ia^;StrA;StrB,-,-,256,GyrA-83Y;GyrA-87N;ParC-80I,3 QRDR,3 QRDR,-,3,-,MphA,-,CatB4?,-,SulI;SulII,8,256,TetA,2,-,DfrA12,-,0.25,-,256,16,256,CTX-M-15,-,16,OXA-1;SHV-121,4,32,-,-
ERR486389,Hospital 19,UK,2008,ST874,5566864,57,702557,326101,ESBL,CTX-M,512,SAMEA2273777,16,Aac3-IIa*;AadA5;Aph3-Ia^,-,-,32,GyrA-83Y;GyrA-87N;ParC-80I,3 QRDR,3 QRDR,-,3,-,MphA,-,CatB4?,-,SulI,2,2,-,0.5,-,DfrA17,-,0.25,-,128,32,256,CTX-M-15,-,32,OXA-1;SHV-121;TEM-1D^,8,16,-,-
ERR474500,Hospital 4,UK,2006,ST103,5569925,65,706999,323153,ESBL,CTX-M,512,SAMEA2273681,128,Aac3-IIa^;AadA5;Aph3-Ia^;StrA;StrB,-,-,128,GyrA-83Y;GyrA-87N;ParC-80I,3 QRDR,3 QRDR,-,3,-,MphA,-,CatB4?,-,SulI;SulII*,64,256,TetD,0.5,-,DfrA17;DfrA7,-,0.12,-,128,32,256,CTX-M-15,-,128,OXA-1;SHV-121^;TEM-1D^,4,16,-,-
ERR486463,Hospital 19,UK,2006,ST874,5582813,60,1410035,353088,ESBL,CTX-M,512,SAMEA2273855,128,Aac3-IIa^;AadA5;Aph3-Ia^;StrA;StrB,-,-,128,GyrA-83Y;GyrA-87N;ParC-80I,3 QRDR,3 QRDR,-,3,-,MphA,-,CatB4?,-,SulI,4,2,-,0.5,-,DfrA17,-,0.12,-,512,32,256,CTX-M-15,-,32,OXA-1;SHV-121;TEM-1D^,8,16,-,-
ERR486337,Hospital 11,UK,2004,ST874,5359649,56,481572,295254,ESBL,CTX-M,512,SAMEA2273587,64,Aac3-IIa^;AadA2^,-,-,64,GyrA-83Y;GyrA-87N;ParC-80I,3 QRDR,3 QRDR,-,3,-,MphA,-,-,-,SulI;SulII,16,256,TetA,2,-,DfrA12,-,0.12,-,512,64,256,CTX-M-15,-,8,SHV-121;TEM-1D^,16,16,-,-
ERR474525,Hospital 4,UK,2007,ST874,5359257,67,538738,249256,ESBL,CTX-M,512,SAMEA2273713,128,Aac3-IIa^;AadA2^;Aph3-Ia^;StrA;StrB,-,-,128,GyrA-83Y;GyrA-87N;ParC-80I,3 QRDR,3 QRDR,-,3,-,MphA,-,CatB4?,-,SulI;SulII,16,256,TetA,2,-,DfrA12,-,0.25,-,512,64,256,CTX-M-15,-,32,OXA-1;SHV-121;TEM-1D^,4,16,-,-
ERR474538,Hospital 19,UK,2007,ST874,5586052,54,906824,376339,ESBL,CTX-M,512,SAMEA2273735,128,Aac3-IIa^;AadA5;Aph3-Ia^;StrA;StrB,-,-,128,GyrA-83Y;GyrA-87N;ParC-80I,3 QRDR,3 QRDR,-,3,-,MphA,-,CatB4?,-,SulI,2,2,-,1,-,DfrA17,-,0.12,-,256,64,256,CTX-M-15,-,32,OXA-1;SHV-121;TEM-1D^,8,16,-,-
ERR474540,Hospital 19,UK,2007,ST874,5548467,49,909279,359125,ESBL,CTX-M,512,SAMEA2273737,64,Aac3-IIa^;AadA5;Aph3-Ia^;StrA;StrB,-,-,256,GyrA-83Y;GyrA-87N;ParC-80I,3 QRDR,3 QRDR,-,3,-,MphA,-,CatB4?,-,SulI,4,8,-,1,-,DfrA17,-,0.12,-,256,64,256,CTX-M-15,-,32,OXA-1;SHV-121;TEM-1D^,8,16,-,-
ERR486467,Hospital 19,UK,2007,ST874,5549791,47,1614185,440744,ESBL,CTX-M,512,SAMEA2273859,64,Aac3-IIa^;AadA5;Aph3-Ia^;StrA;StrB,-,-,256,GyrA-83Y;GyrA-87N;ParC-80I,3 QRDR,3 QRDR,-,3,-,MphA,-,CatB4?,-,SulI,2,2,-,1,-,DfrA17,-,0.25,-,256,64,256,CTX-M-15,-,32,OXA-1;SHV-121;TEM-1D^,8,16,-,-
ERR486461,Hospital 19,UK,2006,ST874,5543278,40,1614250,451236,ESBL,CTX-M,512,SAMEA2273853,32,Aac3-IIa*;AadA5;Aph3-Ia^,-,-,256,GyrA-83Y;GyrA-87N;ParC-80I,3 QRDR,3 QRDR,-,3,-,MphA,-,CatB4?,-,SulI,8,2,-,0.5,-,DfrA17,-,0.12,-,512,64,256,CTX-M-15,-,32,OXA-1;SHV-121;TEM-1D^,8,16,-,-
ERR486760,Hospital 11,UK,2004,ST874,5363462,39,927173,406453,ESBL,CTX-M,512,SAMEA2273613,1,AadA2^;Aph3-Ia^;StrA;StrB,-,-,256,GyrA-83Y;GyrA-87N;ParC-80I,3 QRDR,3 QRDR,-,3,-,MphA,-,CatB4?,-,SulI;SulII,4,256,TetA,1,-,DfrA12,-,0.12,-,512,64,256,CTX-M-15,-,32,OXA-1;SHV-121;TEM-1D^,8,16,-,-
ERR486379,Hospital 11,UK,2005,ST874,5365808,48,1183711,384393,ESBL,CTX-M,512,SAMEA2273637,256,Aac3-IIa^;AadA2^;Aph3-Ia^;StrA;StrB,-,-,256,GyrA-83Y;GyrA-87N;ParC-80I,3 QRDR,3 QRDR,-,3,-,MphA,-,CatB4?,-,SulI;SulII,8,256,TetA,2,-,DfrA12,-,0.12,-,512,64,256,CTX-M-15,-,32,OXA-1;SHV-121;TEM-1D^,8,16,-,-
ERR474502,Hospital 4,UK,2006,ST874,5571754,66,710046,338591,ESBL,CTX-M,512,SAMEA2273683,128,Aac3-IIa^;AadA5;Aph3-Ia^;StrA;StrB,-,-,512,GyrA-83Y;GyrA-87N;ParC-80I,3 QRDR,3 QRDR,-,3,-,MphA,-,CatB4?,-,SulI;SulII*,64,256,TetD,4,-,DfrA17;DfrA7,-,0.059999999,-,128,64,256,CTX-M-15,-,128,OXA-1;TEM-1D^,32,16,SHV-1?,-
ERR486349,Hospital 11,UK,2004,ST874,5365562,39,1131926,376432,ESBL,CTX-M,512,SAMEA2273602,32,Aac3-IIa^;AadA2^;Aph3-Ia^;StrA;StrB,-,-,64,GyrA-83Y;GyrA-87N;ParC-80I,3 QRDR,3 QRDR,-,3,-,MphA,-,CatB4?,-,SulI;SulII,4,256,TetA,2,-,DfrA12,-,0.12,-,512,128,256,CTX-M-15,-,32,OXA-1;SHV-121;TEM-1D^,16,16,-,-
ERR474514,Hospital 11,UK,2007,ST874,5345929,51,779101,324957,ESBL,CTX-M,512,SAMEA2273700,256,Aac3-IIa^;AadA2^;Aph3-Ia^;StrA;StrB,MgrB-72%,-,256,GyrA-83Y;GyrA-87N;ParC-80I,3 QRDR,3 QRDR,-,3,-,MphA,-,CatB4?,-,SulI;SulII,8,256,TetA,1,-,DfrA12,-,0.12,-,512,256,256,CTX-M-15,-,32,OXA-1;SHV-121;TEM-1D^,4,16,-,-
ERR486383,Hospital 5,UK,2009,ST874,5388033,49,709829,280189,ESBL,CTX-M,512,SAMEA2273769,16,Aac3-IIa^;AadA2^;StrA;StrB,-,-,256,GyrA-83Y;GyrA-87N;ParC-80I,3 QRDR,3 QRDR,-,3,-,MphA,-,CatB4?,-,SulI;SulII,16,256,TetA,2,-,DfrA12,-,0.5,-,512,256,256,CTX-M-15,-,256,OXA-1;SHV-121;TEM-1D^,8,32,-,-
ERR486754,Hospital 11,UK,2003,ST874,5362744,56,1128421,286933,ESBL,CTX-M,512,SAMEA2273564,64,Aac3-IIa^;AadA2^;Aph3-Ia^;StrA;StrB,-,-,256,GyrA-83Y;GyrA-87N;ParC-80I,3 QRDR,3 QRDR,-,3,-,MphA,-,CatB4?,-,SulI;SulII,8,256,TetA,2,-,DfrA12,-,0.12,-,512,512,256,CTX-M-15,-,64,OXA-1;SHV-121;TEM-1D^,4,16,-,-
ERR474541,Hospital 11,UK,2008,ST874,5315409,56,804571,279930,ESBL,CTX-M,512,SAMEA2273740,128,Aac3-IIa^;AadA2^;Aph3-Ia^;StrA;StrB,-,-,256,GyrA-83Y;GyrA-87N;ParC-80I,3 QRDR,3 QRDR,-,3,-,MphA,-,CatB4?,-,SulI;SulII,16,256,TetA,4,-,DfrA12,-,0.5,-,256,16,256,CTX-M-15?,-,32,OXA-1;SHV-121,8,32,-,-
ERR486798,Hospital 8,UK,2008,ST101,5458998,48,773414,410003,ESBL,CTX-M,512,SAMEA2273763,64,Aac3-IIa^;Aac6Ib-cr^;AadA1-pm*?,-,-,256,GyrA-83Y;GyrA-87N;ParC-80I,3 QRDR,3 QRDR,-,3,-,-,-,CatB4?,-,-,64,256,TetD,4,-,DfrA14,OmpK35-17%,1,-,512,128,256,CTX-M-15,-,64,OXA-1;OXA-9;SHV-28*;TEM-1D^,16,16,-,-
ERR486316,Hospital 11,UK,2003,ST101,5612311,71,771070,352403,ESBL,CTX-M,512,SAMEA2273563,128,Aac3-IIa^;Aac6-Ib;AadA1-pm*?;Aph3-Ia^;StrA;StrB,-,-,64,GyrA-83Y;GyrA-87N;ParC-80I,3 QRDR,3 QRDR,-,3,-,-,-,CatA2*,-,SulII,64,256,TetD,1,-,DfrA14,OmpK35-17%,0.5,-,512,512,256,CTX-M-15,-,32,OXA-9;SHV-28*;TEM-1D^,32,16,-,-
ERR486321,Hospital 13,UK,2003,ST101,5486674,60,628306,350211,ESBL,CTX-M,512,SAMEA2273569,128,Aac3-IIa^;Aac6-Ib;AadA1-pm*?,-,-,512,GyrA-83Y;GyrA-87N;ParC-80I,3 QRDR,3 QRDR,-,3,-,-,-,CatA2*,-,-,64,256,TetD,2,-,DfrA14,OmpK35-17%,0.25,-,512,512,256,CTX-M-15,-,32,OXA-9;SHV-28*;TEM-1D^,32,8,-,-
ERR486420,Hospital 29,UK,2010,ST15,5578426,61,871508,289206,ESBL,CTX-M,512,SAMEA2273812,64,Aac3-IIa^,-,-,128,GyrA-83F;GyrA-87A;ParC-80I;QnrB1,3 QRDR,3 QRDR,QnrB1,3,-,-,-,CatA1^;CatB4?,-,-,4,4,-,1,-,DfrA14,-,0.12,-,512,128,256,CTX-M-15,-,32,OXA-1;SHV-28^,16,16,-,-
ERR474531,Hospital 18,UK,2007,ST15,5577187,96,437393,208054,ESBL,CTX-M,512,SAMEA2273721,32,Aac3-IIa^,-,-,256,GyrA-83F;GyrA-87A;ParC-80I;QnrB1,3 QRDR,3 QRDR,QnrB1,3,-,-,-,CatB4?,-,-,32,256,TetA,4,-,-,-,0.059999999,-,512,256,256,CTX-M-15,-,32,OXA-1,16,16,-,-
ERR474517,Hospital 12,UK,2007,ST377,5290908,59,431810,248918,ESBL,CTX-M,512,SAMEA2273703,64,Aac3-IIa^;AadA1-pm*?,-,-,128,GyrA-83Y;GyrA-87A;ParC-80I;QnrB2,3 QRDR,3 QRDR,QnrB2,3,-,-,-,CatB4?,-,SulI^,4,2,-,2,-,DfrA15^,-,0.25,-,512,16,256,CTX-M-15,-,8,OXA-1;SHV-110,4,16,-,-
ERR486800,Hospital 17,UK,2008,ST200,4996432,15,1826213,983864,non-ESBL,non-CTX-M,128,SAMEA2273774,0.5,-,-,-,0.029999999,-,none,none,-,-,-,-,-,-,-,-,16,2,-,4,-,-,-,0.25,-,0.059999999,0.12,32,-,-,16,SHV-187*,32,1,-,-
ERR486394,Hospital 20,UK,2008,ST14,5622263,47,1039129,283793,non-ESBL,non-CTX-M,128,SAMEA2273784,0.5,StrA;StrB,-,-,0.059999999,-,none,none,-,-,-,-,-,-,-,SulI?,32,8,-,4,-,-,-,0.5,-,0.059999999,0.25,32,-,-,16,SHV-28^,32,4,-,-
ERR474547,Hospital 13,UK,2008,ST101,5237578,35,839792,464908,non-ESBL,non-CTX-M,512,SAMEA2273748,64,Aac3-IId^;StrA;StrB*,-,-,0.059999999,-,none,none,-,-,-,-,-,-,-,SulII,8,256,TetA,4,-,-,-,0.5,-,0.059999999,0.25,4,-,-,4,SHV-28*;TEM-1D^,8,16,-,-
ERR486430,Hospital 15,UK,2010,ST188,5781271,98,636739,214675,non-ESBL,non-CTX-M,256,SAMEA2273822,0.25,-,-,-,0.12,-,none,none,-,-,-,-,-,-,-,-,8,8,-,2,-,-,-,0.25,-,0.12,0.25,16,-,-,16,SHV-37,16,4,-,-
ERR486779,Hospital 3,UK,2007,ST872,5453804,121,408106,110439,non-ESBL,non-CTX-M,128,SAMEA2273708,0.5,-,-,-,0.12,-,none,none,-,-,-,-,-,-,-,-,16,16,-,4,-,-,-,0.12,-,0.25,0.25,32,-,-,16,-,16,4,SHV-11^,-
ERR486514,Hospital 16,UK,2005,ST985,5493691,77,1152007,232854,non-ESBL,non-CTX-M,64,SAMEA2273881,0.5,-,-,-,0.5,-,none,none,-,-,-,-,-,-,-,-,16,8,-,2,-,-,-,0.25,-,0.12,0.25,32,-,-,16,SHV-187,32,4,-,-
ERR486284,Hospital 17,UK,2001,ST152,5523888,68,817053,321072,non-ESBL,NA,512,SAMEA2273527,0.5,-,-,-,1,-,none,none,-,-,-,-,-,-,-,-,NA,NA,-,NA,-,-,-,0.25,-,NA,0.25,16,-,-,16,SHV-187*,16,2,-,-
ERR486517,Hospital 28,UK,2010,ST230,5591163,47,740416,321320,non-ESBL,non-CTX-M,512,SAMEA2273884,0.25,AadA5,-,-,1,-,none,none,-,-,-,MphA,-,-,-,SulI,8,4,-,2,-,DfrA17,-,0.12,-,0.029999999,0.25,4,-,-,4,TEM-1D^,8,16,SHV-11^,-
ERR474467,Hospital 1,Republic of Ireland,2005,ST76,5401830,45,770892,304897,non-ESBL,non-CTX-M,512,SAMEA2273638,256,Aac3-IId^;AadA5,-,-,1,-,none,none,-,-,-,MphA,-,CatA1^;CatB3*,-,SulI,32,256,TetB*,1,-,DfrA17,-,0.12,-,0.12,0.25,8,-,-,16,OXA-1;SHV-187*,8,16,-,-
ERR486396,Hospital 25,Republic of Ireland,2005,ST108,5277897,49,719279,322744,non-ESBL,non-CTX-M,512,SAMEA2273786,0.5,-,-,-,8,-,none,none,-,-,-,-,-,-,-,-,4,4,-,0.5,-,-,-,0.12,-,0.029999999,0.25,256,-,-,8,-,4,16,SHV-11^,-
ERR474524,Hospital 4,UK,2007,ST37,5417108,38,1163490,273409,non-ESBL,non-CTX-M,512,SAMEA2273712,128,Aac3-IId^,-,-,0.059999999,-,none,none,-,-,-,-,-,-,-,-,2,2,-,1,-,-,-,0.5,-,0.5,0.5,128,-,-,512,-,4,32,SHV-11^;TEM-135^,-
ERR486366,Hospital 21,UK,2004,ST502,5638500,90,434121,159265,non-ESBL,non-CTX-M,128,SAMEA2273620,0.5,-,-,-,0.12,-,none,none,-,-,-,-,-,-,-,-,8,8,-,2,-,-,-,0.12,-,0.25,0.5,16,-,-,16,-,8,4,SHV-62^,-
ERR486404,Hospital 22,UK,2009,ST111,5528780,66,925864,349348,non-ESBL,non-CTX-M,512,SAMEA2273796,0.5,StrA^;StrB,-,-,0.12,-,none,none,-,-,-,-,-,-,-,SulI?;SulII*,8,4,-,2,-,DfrA7,-,0.5,-,0.25,0.5,16,-,-,8,TEM-1D^,16,16,SHV-11^,-
ERR486428,Hospital 9,UK,2010,ST1380,5611986,129,470758,144340,non-ESBL,non-CTX-M,128,SAMEA2273820,0.5,-,-,-,0.25,-,none,none,-,-,-,-,-,-,-,-,4,4,-,2,-,-,-,0.25,-,0.12,0.5,16,-,-,16,-,16,2,-,SHV-26
ERR486351,Hospital 2,UK,2002,ST357,5524510,25,1792379,504901,non-ESBL,non-CTX-M,128,SAMEA2273604,1,-,-,-,0.25,-,none,none,-,-,-,-,-,-,-,-,16,8,-,4,-,-,-,0.5,-,NA,0.5,16,-,-,16,LEN-16^,16,4,-,-
ERR486756,Hospital 17,UK,2003,ST133,5313853,41,684267,355242,non-ESBL,non-CTX-M,128,SAMEA2273586,0.25,-,-,-,0.25,-,none,none,-,-,-,-,-,-,-,-,16,16,-,2,-,-,-,0.059999999,-,0.5,0.5,32,-,-,16,-,32,4,SHV-75,-
ERR486788,Hospital 8,UK,2007,ST18,5531795,60,1283751,404816,non-ESBL,non-CTX-M,256,SAMEA2273732,0.25,-,-,-,0.25,-,none,none,-,-,-,-,-,-,-,-,32,32,-,4,-,-,-,0.059999999,-,0.5,0.5,64,-,-,16,-,64,8,SHV-11^,-
ERR474498,Hospital 2,UK,2006,ST1608,5953917,172,385615,189516,non-ESBL,non-CTX-M,64,SAMEA2273677,0.5,-,-,-,0.25,-,none,none,-,-,-,-,-,-,-,-,32,32,-,4,-,-,-,0.059999999,-,0.5,0.5,64,-,-,16,LEN-11^,64,8,-,-
ERR486441,Hospital 19,UK,2010,ST460,5329345,66,614984,294339,non-ESBL,non-CTX-M,512,SAMEA2273833,0.25,-,-,-,0.25,-,none,none,-,-,-,-,-,-,-,-,8,8,-,2,-,-,-,1,-,0.12,0.5,16,-,-,64,SHV-187*,16,32,-,-
ERR486294,Hospital 4,UK,2002,ST363,5502421,42,759853,399393,non-ESBL,non-CTX-M,32,SAMEA2273539,0.5,-,-,-,0.5,-,none,none,-,-,-,-,-,-,-,-,4,4,-,2,-,-,-,0.5,-,NA,0.5,16,-,-,16,LEN-2^,16,4,-,-
ERR486305,Hospital 15,UK,2002,ST20,5575807,52,807463,356003,non-ESBL,non-CTX-M,64,SAMEA2273552,0.5,-,-,-,1,-,none,none,-,-,-,-,-,-,-,-,16,8,-,4,-,-,-,0.5,-,NA,0.5,16,-,-,8,SHV-187*,16,2,-,-
ERR486311,Hospital 8,UK,2002,ST35,5681495,47,696465,380220,non-ESBL,non-CTX-M,512,SAMEA2273558,0.5,-,-,-,1,-,none,none,-,-,-,-,-,-,-,-,16,8,-,2,-,-,-,1,-,NA,0.5,8,-,-,512,-,8,32,SHV-33,-
ERR486302,Hospital 20,UK,2002,ST448,5416334,31,1339195,645158,non-ESBL,non-CTX-M,256,SAMEA2273549,0.5,-,-,-,8,-,none,none,-,-,-,-,-,-,-,-,32,16,-,4,-,-,-,0.25,-,NA,0.5,16,-,-,8,SHV-187,16,2,-,-
ERR474503,Hospital 5,UK,2006,ST45,5271759,25,955772,353529,non-ESBL,non-CTX-M,256,SAMEA2273684,0.12,-,-,-,0.12,-,none,none,-,-,-,-,-,-,-,-,16,16,-,2,-,-,-,0.059999999,-,0.25,1,32,-,-,32,-,16,8,SHV-25,-
ERR486778,Hospital 8,UK,2006,ST735,5701756,108,469620,314512,non-ESBL,non-CTX-M,256,SAMEA2273696,0.5,-,-,-,0.12,-,none,none,-,-,-,-,-,-,-,-,32,32,-,4,-,-,-,0.12,-,0.25,1,32,-,-,16,-,32,8,OKP-A-5*,-
ERR486387,Hospital 17,UK,2008,ST5,5465181,23,843944,458804,non-ESBL,non-CTX-M,256,SAMEA2273775,0.25,-,-,-,0.25,-,none,none,-,-,-,-,-,-,-,-,32,16,-,4,-,-,-,0.5,-,0.5,1,32,-,-,16,-,32,1,SHV-11^,-
ERR486406,Hospital 28,UK,2010,ST144,5650897,47,768478,332963,non-ESBL,non-CTX-M,256,SAMEA2273798,0.25,AadA2,-,-,0.25,-,none,none,-,-,-,-,-,CmlA5*,-,SulI;SulII,64,256,TetD,4,-,DfrA15b*,-,0.12,-,0.25,1,32,-,-,16,-,32,4,OKP-A-5,-
ERR486505,Hospital 2,UK,2005,ST34,5562540,75,596104,290437,non-ESBL,non-CTX-M,128,SAMEA2273871,0.25,-,-,-,0.25,-,none,none,-,-,-,-,-,-,-,-,32,32,-,4,-,-,-,0.059999999,-,0.5,1,32,-,-,16,-,32,4,-,SHV-26
ERR474493,Hospital 13,UK,2006,ST111,5389877,49,892299,263985,non-ESBL,non-CTX-M,256,SAMEA2273672,0.25,-,-,-,0.25,-,none,none,-,-,-,-,-,-,-,-,64,16,-,4,-,-,-,0.059999999,-,0.25,1,32,-,-,16,-,64,4,SHV-11^,-
ERR486417,Hospital 5,UK,2010,ST29,5437505,29,1280683,764337,non-ESBL,non-CTX-M,128,SAMEA2273809,0.5,-,-,-,0.25,-,none,none,-,-,-,-,-,-,-,-,32,32,-,8,-,-,-,0.059999999,-,0.5,1,32,-,-,16,SHV-187,64,4,-,-
ERR486427,Hospital 11,UK,2010,ST17,5591339,54,928315,480535,non-ESBL,non-CTX-M,256,SAMEA2273819,0.25,-,-,-,0.25,-,none,none,-,-,-,-,-,-,-,-,32,16,-,4,-,-,-,0.12,-,0.5,1,32,-,-,16,-,64,4,SHV-11^,-
ERR486292,Hospital 3,UK,2002,ST237,5202749,34,796103,677159,non-ESBL,non-CTX-M,256,SAMEA2273537,0.5,-,-,-,0.25,-,none,none,-,-,-,-,-,-,-,-,32,16,-,8,-,-,-,0.5,-,NA,1,64,-,-,16,SHV-187*,64,4,-,-
ERR474527,Hospital 6,UK,2007,ST372,5387212,30,768485,370483,non-ESBL,non-CTX-M,128,SAMEA2273715,0.5,-,-,-,0.25,-,none,none,-,-,-,-,-,-,-,-,32,16,-,4,-,-,-,0.12,-,1,1,64,-,-,16,-,128,4,SHV-61,-
ERR474494,Hospital 13,UK,2006,ST1686,5369700,36,862564,345041,non-ESBL,non-CTX-M,128,SAMEA2273673,0.5,-,-,-,0.25,-,none,none,-,-,-,-,-,-,-,-,32,16,-,4,-,-,-,0.059999999,-,0.25,1,32,-,-,16,SHV-28*,64,8,-,-
ERR486398,Hospital 3,UK,2006,ST1658,5235194,33,649040,311287,non-ESBL,non-CTX-M,256,SAMEA2273790,0.25,-,-,-,0.25,-,none,none,-,-,-,-,-,-,-,-,64,16,-,4,-,-,-,0.059999999,-,0.5,1,32,-,-,16,-,64,8,-,SHV-26*
ERR486378,Hospital 24,UK,2005,ST134,5469204,50,573219,337402,non-ESBL,non-CTX-M,256,SAMEA2273636,0.25,AadA1^,-,-,0.25,-,none,none,-,-,-,-,-,-,-,SulI,64,256,TetA,8,-,DfrA1*,-,0.12,-,0.5,1,32,-,-,16,-,64,8,SHV-60,-
ERR486326,Hospital 6,UK,2003,ST1967,5513501,100,499767,264648,non-ESBL,non-CTX-M,512,SAMEA2273574,0.5,AadA1-pm*?;AadA2;Aph3-Ia^;StrA*;StrB*,-,-,0.25,-,none,none,-,-,-,-,-,CatA2*,-,SulI,64,256,TetA,4,-,DfrA1;DfrA15^,-,0.12,-,0.5,1,32,-,-,32,TEM-1D^,64,16,-,SHV-26
ERR474504,Hospital 5,UK,2006,ST34,5258560,99,350972,138424,non-ESBL,non-CTX-M,512,SAMEA2273685,16,-,-,-,0.25,-,none,none,-,-,-,-,-,-,-,-,32,16,-,2,-,-,-,1,-,0.5,1,64,-,-,512,-,128,64,-,SHV-26
ERR486322,Hospital 2,UK,2003,ST426,5084455,15,1366949,738890,non-ESBL,non-CTX-M,256,SAMEA2273570,0.5,-,-,-,0.5,-,none,none,-,-,-,-,-,-,-,-,64,16,-,4,-,-,-,0.12,-,0.5,1,32,-,-,32,OKP-B-16*?,64,4,-,-
ERR486415,Hospital 5,UK,2010,ST465,5523489,57,905080,304620,non-ESBL,non-CTX-M,128,SAMEA2273807,0.5,-,-,-,0.5,-,none,none,-,-,-,-,-,-,-,-,32,32,-,4,-,-,-,0.12,-,1,1,64,-,-,32,SHV-187,64,4,-,-
ERR486347,Hospital 6,UK,2004,ST264,5627207,73,535796,243429,non-ESBL,non-CTX-M,128,SAMEA2273600,0.5,-,-,-,0.25,-,none,none,-,-,-,-,-,-,-,-,16,16,-,2,-,-,-,0.5,-,1,2,64,-,-,32,LEN-2^,64,8,-,-
ERR486456,Hospital 30,UK,2011,ST252,5196896,26,990327,337181,non-ESBL,non-CTX-M,512,SAMEA2273848,0.25,-,-,-,0.5,-,none,none,-,-,-,-,-,-,-,-,64,64,-,8,-,-,-,0.25,-,0.5,2,32,-,-,32,-,64,8,SHV-1?,-
ERR486407,Hospital 17,UK,2010,ST48,5629109,97,431958,179743,non-ESBL,non-CTX-M,512,SAMEA2273799,0.5,AadA1-pm*?;StrA*?;StrB,-,-,0.5,-,none,none,-,-,-,-,-,-,-,SulII,64,256,TetA,4,-,DfrA15^,-,0.12,-,0.12,2,16,-,-,512,-,16,16,SHV-11^,-
ERR486333,Hospital 14,UK,2003,ST405,5300223,19,1404462,491305,non-ESBL,non-CTX-M,128,SAMEA2273582,0.12,-,-,-,0.25,-,none,none,-,-,-,-,-,-,-,-,32,16,-,2,-,-,-,0.059999999,-,0.5,4,128,-,-,16,-,64,8,SHV-76,-
ERR486388,Hospital 17,UK,2008,ST45,5414090,51,785762,298415,ESBL,non-CTX-M,512,SAMEA2273776,0.5,AadA1-pm*?,-,-,0.059999999,-,none,none,-,-,-,-,-,CatA1^,-,SulI,32,256,TetD,2,-,-,-,1,-,0.25,8,8,-,-,512,-,4,64,SHV-1*?,-
ERR486424,Hospital 25,Republic of Ireland,2010,ST17,5327650,46,698256,299192,ESBL,non-CTX-M,512,SAMEA2273816,0.25,-,-,-,0.25,-,none,none,-,-,-,-,-,-,-,SulI,64,256,TetD,8,-,DfrA21,-,0.12,-,0.5,16,32,-,-,512,-,128,16,SHV-1*?,-
ERR474479,Hospital 7,UK,2005,ST17,5583637,46,926876,352764,ESBL,CTX-M,512,SAMEA2273655,128,Aph3-Ia^;StrA^;StrB,-,-,0.029999999,-,none,none,-,-,-,MphA,-,-,-,SulII*,2,2,-,0.5,-,DfrA14,-,0.25,-,128,32,256,-,-,512,TEM-1D^,8,32,SHV-11^,-
ERR486803,Hospital 14,UK,2005,ST412,5393702,66,396375,218936,ESBL,non-CTX-M,512,SAMEA2273788,16,Aac6-Ib*;AadA1-pm*?,-,-,0.059999999,-,none,none,-,-,-,-,-,-,-,-,4,2,-,0.5,-,-,-,0.5,-,32,64,64,-,-,2,OXA-9;TEM-1D^,8,16,SHV-11^,-
ERR486757,Hospital 2,UK,2004,ST70,5553838,51,889504,435469,ESBL,non-CTX-M,512,SAMEA2273593,8,Aac6-Ib*;AadA1-pm*?,-,-,0.059999999,-,none,none,-,-,-,-,-,-,-,-,2,2,-,0.5,-,-,-,0.12,-,8,128,32,-,-,4,OXA-9;TEM-1D^,4,16,SHV-32,-
ERR486763,Hospital 8,UK,2004,ST45,5512117,58,461256,243316,ESBL,non-CTX-M,512,SAMEA2273627,128,Aac3-IId^,-,-,0.029999999,-,none,none,-,-,-,-,-,-,-,-,32,256,TetD,0.5,-,-,-,0.5,-,64,256,32,-,-,512,TEM-1D^,32,32,SHV-1?,-
ERR474489,Hospital 10,UK,2005,ST336,5484142,45,1487996,387807,ESBL,non-CTX-M,512,SAMEA2273666,256,Aac3-IId^,-,-,0.25,-,none,none,-,-,-,MphA,-,-,-,-,64,256,TetD,2,-,DfrA30*,-,0.12,-,16,256,64,-,-,32,TEM-1D^,16,16,SHV-11^,-
ERR486780,Hospital 4,UK,2007,ST35,5684509,72,1324911,349211,ESBL,CTX-M,512,SAMEA2273710,64,Aac3-IIa^;AadA1-pm*?;AadA2^;Aph3-Ia^,-,-,0.12,-,none,none,-,-,-,MphA,-,CatA1^;CatB4?,-,SulI,16,256,TetA,4,-,DfrA1*;DfrA12?,-,0.25,-,512,64,256,CTX-M-14^;CTX-M-15,-,64,OXA-1;SHV-2a^;TEM-1D^,4,16,-,-
ERR486472,Hospital 8,UK,2008,ST1180,5549490,54,1349145,350678,ESBL,CTX-M,512,SAMEA2273865,32,-,-,-,4,-,none,none,-,-,-,-,-,-,-,-,8,256,-,2,-,DfrA14,-,0.5,-,512,16,256,CTX-M-15,-,8,-,8,16,SHV-60,-
ERR486401,Hospital 26,UK,2009,ST35,5486298,37,691140,353541,ESBL,CTX-M,512,SAMEA2273793,64,Aac3-IIa^,-,-,0.12,-,none,none,-,-,-,-,-,CatB4?,-,-,8,256,TetA,2,-,-,-,0.25,-,512,32,256,CTX-M-15,-,16,OXA-1;TEM-1D^,4,16,SHV-33,-
ERR486410,Hospital 13,UK,2010,ST35,5721581,128,539437,254725,ESBL,non-CTX-M,512,SAMEA2273802,8,Aac6-Ib*;AadA1-pm*?,-,-,0.029999999,-,none,none,-,-,-,-,-,-,-,-,2,2,-,0.5,-,-,-,1,-,32,256,64,SHV-12,-,16,FOX-8*;OXA-9;TEM-1D^,32,32,-,-
ERR486506,Hospital 20,UK,2006,ST42,5660724,90,800573,316618,ESBL,non-CTX-M,512,SAMEA2273873,16,Aac6-Ib*;AadA1-pm*?,-,-,1,-,none,none,-,-,-,EreA2,-,-,-,SulI,4,4,-,0.5,-,DfrA5,-,0.5,-,32,256,64,SHV-12,-,16,OXA-9;TEM-1D^,8,16,-,-
ERR486786,Hospital 14,UK,2007,ST344,5639801,50,739213,440199,ESBL,non-CTX-M,512,SAMEA2273730,16,Aac6-Ib*;AadA1-pm*?,-,-,0.059999999,-,none,none,-,-,-,-,-,-,-,-,2,4,-,1,-,-,-,0.25,-,16,512,128,SHV-12,-,4,LEN-16^;OXA-9;TEM-1D^,8,16,-,-
ERR486393,Hospital 20,UK,2008,ST292,5844686,92,1022099,361321,ESBL,non-CTX-M,512,SAMEA2273783,1,-,-,-,0.12,-,none,none,-,-,-,-,-,-,-,-,8,8,-,2,-,-,-,1,-,32,512,128,SHV-12,-,512,-,16,32,-,-
ERR486469,Hospital 21,UK,2005,ST925,5777110,93,705520,262119,ESBL,non-CTX-M,512,SAMEA2273862,16,Aac6-Ib*;AadA1-pm*?,-,-,1,-,none,none,-,-,-,EreA2,-,-,-,SulI,4,2,-,0.5,-,DfrA5,-,0.25,-,32,512,32,SHV-12,-,8,LEN-2^;OXA-9;TEM-1D^,8,8,-,-
ERR474552,Hospital 6,UK,2008,ST225,5464937,46,629812,343056,non-ESBL,non-CTX-M,256,SAMEA2273754,0.25,-,-,-,0.25,-,none,none,-,-,-,-,-,-,-,-,64,16,-,4,-,-,-,0.25,-,0.5,1,32,SHV-27,-,16,-,64,1,-,-
ERR486791,Hospital 11,UK,2008,ST280,5420138,47,512136,249378,non-ESBL,non-CTX-M,512,SAMEA2273739,0.5,AadA1-pm*?,-,-,0.029999999,-,none,none,-,-,-,-,-,-,-,SulI,8,2,-,2,-,-,-,0.5,-,0.059999999,2,256,SHV-27,-,16,-,4,8,-,-
ERR486414,Hospital 5,UK,2010,ST976,5386963,24,1935688,992096,non-ESBL,non-CTX-M,512,SAMEA2273806,1,-,-,-,1,-,none,none,-,-,-,-,-,-,-,-,16,8,-,2,-,-,-,0.12,-,0.25,0.5,32,SHV-27^,-,8,-,16,4,-,-
ERR474509,Hospital 15,UK,2006,ST27,5591493,146,402651,185577,non-ESBL,non-CTX-M,512,SAMEA2273691,0.5,-,-,-,0.12,-,none,none,-,-,-,-,-,-,-,-,8,8,-,2,-,-,-,0.5,-,0.25,0.5,32,SHV-40,-,32,-,64,8,-,-
ERR486352,Hospital 7,UK,2002,ST27,5157593,97,291248,104117,non-ESBL,non-CTX-M,512,SAMEA2273605,0.5,-,-,-,0.25,-,none,none,-,-,-,-,-,-,-,-,8,8,-,2,-,-,-,0.5,-,NA,1,32,SHV-40,-,16,-,16,8,-,-
ERR486343,Hospital 3,UK,2004,ST17,5332163,31,1063751,414842,ESBL,non-CTX-M,512,SAMEA2273596,64,Aac6-Im;Aph2-Ib*,-,-,0.059999999,-,none,none,-,-,-,-,-,-,-,-,2,2,-,0.5,-,-,-,0.12,-,16,512,64,SHV-5,-,8,-,16,16,-,-
ERR474545,Hospital 12,UK,2008,ST1380,5536431,104,588599,147518,ESBL,non-CTX-M,512,SAMEA2273744,2,AadA1^,-,-,0.5,-,none,none,-,-,-,-,-,CatB2,-,SulI,8,8,-,4,-,-,-,0.5,-,32,256,128,SHV-5^,-,32,-,16,8,-,-
ERR486288,Hospital 11,UK,2002,ST163,5403344,78,614824,174619,non-ESBL,non-CTX-M,128,SAMEA2273532,0.5,-,-,-,0.5,-,none,none,-,-,-,-,-,-,-,-,32,16,-,8,-,-,OmpK35-17%,0.5,-,NA,2,16,-,-,16,SHV-36,64,1,-,-
ERR486794,Hospital 4,UK,2008,ST1318,5628966,103,710062,178098,non-ESBL,non-CTX-M,512,SAMEA2273751,0.5,-,-,-,0.25,-,none,none,-,-,-,-,-,-,-,-,64,32,-,16,-,-,OmpK35-20%,0.059999999,-,0.25,0.5,64,-,-,16,OKP-B-15*?,64,16,-,-
ERR486370,Hospital 14,UK,2004,ST1608,5914655,111,375643,229640,ESBL,non-CTX-M,512,SAMEA2273625,8,Aac6-Ib*;AadA1-pm*?,-,-,1,-,none,none,-,-,-,-,-,-,-,-,4,4,-,0.5,-,DfrA5,OmpK35-20%,0.5,-,512,512,256,SHV-12*,-,512,LEN-11^;OXA-9;TEM-1D^,64,32,-,-
ERR497024,Hospital 10,UK,2006,ST336,5452370,30,1486696,434016,ESBL,non-CTX-M,512,SAMEA2273872,8,-,-,-,0.12,-,none,none,-,-,-,MphA,-,-,-,-,4,4,-,0.5,-,-,OmpK35-41%,1,-,32,512,64,SHV-12,-,512,-,32,16,-,-
ERR486470,Hospital 2,UK,2003,ST253,5751825,112,540304,171569,ESBL,non-CTX-M,512,SAMEA2273863,8,Aac6-Ib*;AadA1-pm*?;Aph3-Ia^,-,-,0.059999999,-,none,none,-,-,-,MphA,-,-,-,-,4,8,-,1,-,DfrA14*,OmpK35-7%,0.25,-,64,512,256,SHV-12,-,512,OXA-9;TEM-1D^,64,16,-,-
ERR474559,Hospital 20,UK,2008,ST1480,5287668,44,965988,267213,non-ESBL,non-CTX-M,128,SAMEA2273765,1,-,-,-,0.12,-,none,none,-,-,-,-,-,-,-,-,16,16,-,4,-,-,OmpK36-0%,0.25,-,0.5,0.029999999,32,-,-,16,-,32,4,SHV-11^,-
ERR486510,Hospital 6,UK,2010,ST29,5474643,42,934796,378227,ESBL,non-CTX-M,512,SAMEA2273877,0.25,AadA1-pm*?,-,-,1,-,none,none,-,-,-,-,-,CatA1^,-,SulI,64,256,TetD,2,-,-,OmpK36-84%,0.25,-,1,16,64,-,-,512,-,32,16,-,-